CREATE DATABASE  IF NOT EXISTS `flm` /*!40100 DEFAULT CHARACTER SET utf8mb4 COLLATE utf8mb4_0900_ai_ci */ /*!80016 DEFAULT ENCRYPTION='N' */;
USE `flm`;
-- MySQL dump 10.13  Distrib 8.0.29, for Win64 (x86_64)
--
-- Host: 127.0.0.1    Database: flm
-- ------------------------------------------------------
-- Server version	8.0.29

/*!40101 SET @OLD_CHARACTER_SET_CLIENT=@@CHARACTER_SET_CLIENT */;
/*!40101 SET @OLD_CHARACTER_SET_RESULTS=@@CHARACTER_SET_RESULTS */;
/*!40101 SET @OLD_COLLATION_CONNECTION=@@COLLATION_CONNECTION */;
/*!50503 SET NAMES utf8 */;
/*!40103 SET @OLD_TIME_ZONE=@@TIME_ZONE */;
/*!40103 SET TIME_ZONE='+00:00' */;
/*!40014 SET @OLD_UNIQUE_CHECKS=@@UNIQUE_CHECKS, UNIQUE_CHECKS=0 */;
/*!40014 SET @OLD_FOREIGN_KEY_CHECKS=@@FOREIGN_KEY_CHECKS, FOREIGN_KEY_CHECKS=0 */;
/*!40101 SET @OLD_SQL_MODE=@@SQL_MODE, SQL_MODE='NO_AUTO_VALUE_ON_ZERO' */;
/*!40111 SET @OLD_SQL_NOTES=@@SQL_NOTES, SQL_NOTES=0 */;

--
-- Table structure for table `account`
--

DROP TABLE IF EXISTS `account`;
/*!40101 SET @saved_cs_client     = @@character_set_client */;
/*!50503 SET character_set_client = utf8mb4 */;
CREATE TABLE `account` (
  `userName` varchar(150) NOT NULL,
  `password` varchar(150) NOT NULL,
  `image` varchar(50) CHARACTER SET utf8mb3 COLLATE utf8_general_ci DEFAULT NULL,
  `phone` bigint DEFAULT NULL,
  `address` varchar(200) CHARACTER SET utf8mb3 COLLATE utf8_general_ci DEFAULT NULL,
  `gender` int DEFAULT NULL,
  `gmail` varchar(150) DEFAULT NULL,
  `fullname` varchar(50) CHARACTER SET utf8mb3 COLLATE utf8_general_ci DEFAULT NULL,
  `birthday` date DEFAULT NULL,
  `roleId` int DEFAULT NULL,
  `active` tinyint DEFAULT NULL,
  PRIMARY KEY (`userName`),
  KEY `FK_Account_Role` (`roleId`),
  CONSTRAINT `FK_Account_Role` FOREIGN KEY (`roleId`) REFERENCES `role` (`roleId`)
) ENGINE=InnoDB DEFAULT CHARSET=utf8mb4 COLLATE=utf8mb4_0900_ai_ci;
/*!40101 SET character_set_client = @saved_cs_client */;

--
-- Dumping data for table `account`
--

LOCK TABLES `account` WRITE;
/*!40000 ALTER TABLE `account` DISABLE KEYS */;
INSERT INTO `account` VALUES ('crdd','ekRSjTfpds0djWgjeK5CIg==',NULL,NULL,NULL,NULL,'manager@gmail.com','Manager',NULL,1,0),('designer','ekRSjTfpds0djWgjeK5CIg==',NULL,NULL,NULL,NULL,'desginer@gmail.com','Designer',NULL,5,1),('dinhhoan','ekRSjTfpds0djWgjeK5CIg==',NULL,888637937,NULL,NULL,'hoan@gmail.com','Hoan Nguyen',NULL,0,1),('giang','ekRSjTfpds0djWgjeK5CIg==',NULL,988831231,NULL,NULL,'giang@gmail.com','Pham Giang',NULL,0,1),('hieu','ekRSjTfpds0djWgjeK5CIg==',NULL,888637937,NULL,NULL,'hieu@gmail.com','Duc Hiếu',NULL,0,1),('hieunguyen','ekRSjTfpds0djWgjeK5CIg==',NULL,887612341,NULL,NULL,'hieunguyen@gmail.com','Hieu Nguyen',NULL,0,1),('hoan','ekRSjTfpds0djWgjeK5CIg==',NULL,888637937,NULL,NULL,'hoan@gmail.com','Đình Hoàn ',NULL,0,1),('hung','ekRSjTfpds0djWgjeK5CIg==',NULL,NULL,NULL,NULL,'hungnguyen@gmail.com','Hùng Nguyễn',NULL,3,1),('huy','ekRSjTfpds0djWgjeK5CIg==',NULL,888312123,NULL,NULL,'huy@gmail.com','Thanh Huy',NULL,0,1),('mrb','ekRSjTfpds0djWgjeK5CIg==',NULL,888637073,NULL,NULL,'thaygiaoba@gmail.com','Thay Giao Ba',NULL,0,1),('quan','ekRSjTfpds0djWgjeK5CIg==',NULL,888637971,NULL,NULL,'quan@gmail.com','Đức Quân',NULL,0,1),('qwe','ekRSjTfpds0djWgjeK5CIg==',NULL,88312984123,NULL,NULL,'qwe@gmail.com','User',NULL,0,1),('sonnt','ekRSjTfpds0djWgjeK5CIg==',NULL,877123,NULL,NULL,'sonnt@gmail.com','Son NT',NULL,2,1),('staff','ekRSjTfpds0djWgjeK5CIg==',NULL,NULL,NULL,NULL,'staff@gmail.com','Staff',NULL,4,1),('student','ekRSjTfpds0djWgjeK5CIg==',NULL,83123,NULL,NULL,'student@gmail.com','Student',NULL,3,1),('thai','ekRSjTfpds0djWgjeK5CIg==',NULL,888412341,'cualo',1,'thai@gmail.com','thaihoan',NULL,0,1),('thanhdinh','ekRSjTfpds0djWgjeK5CIg==',NULL,888637123,NULL,NULL,'dinhthanh@gmail.com','Dinh Cong Thanh',NULL,0,1),('vuong','ekRSjTfpds0djWgjeK5CIg==',NULL,888637937,NULL,NULL,'vuongnguyen@gmail.com','Vương Nguyễn',NULL,1,1),('vuong1','ekRSjTfpds0djWgjeK5CIg==',NULL,888637937,NULL,NULL,'vuongn@gmail.com','Vương Nguyễn 1',NULL,2,1),('vuong1123','ekRSjTfpds0djWgjeK5CIg==',NULL,8887362124,NULL,NULL,'vuongg111@gmail.com','Vuongnguyen',NULL,0,1),('vuong1412','ekRSjTfpds0djWgjeK5CIg==',NULL,9213312412,NULL,NULL,'vuong123@gmail.com','Vương Nguyễn 2',NULL,0,1),('vuong2822002','ekRSjTfpds0djWgjeK5CIg==',NULL,888637937,NULL,NULL,'vuong@gmail.com','Vương Nguyễn 3',NULL,0,1),('vuongbom123','ekRSjTfpds0djWgjeK5CIg==',NULL,888637937,NULL,NULL,'vuongnguyenvan282@gmail.com','Văn Vương',NULL,0,1),('vuongnguyen','ekRSjTfpds0djWgjeK5CIg==',NULL,888637937,NULL,NULL,'vuongnguyenvan282@gmail.com','Nguyen Vuong',NULL,3,0),('vuongnguyen111','ekRSjTfpds0djWgjeK5CIg==',NULL,87871241234,NULL,NULL,'vuongggqwe@gmail.com','Vương Nguyễn 4',NULL,0,0),('vuongnguyen282','ekRSjTfpds0djWgjeK5CIg==',NULL,8988836123,NULL,NULL,'nvuong@gmail.com','Vương Nguyễn 5',NULL,0,0),('vuongnn','vuongbom123',NULL,888637937,NULL,NULL,'vuongnguyen@gmail.com','Vương Nguyễn 6',NULL,0,0),('vuongnn282','ekRSjTfpds0djWgjeK5CIg==',NULL,888637937,NULL,NULL,'vuongnvhe163581@fpt.edu.vn','Nguyen Vuong 282',NULL,0,0),('vuongnvhe163581','ekRSjTfpds0djWgjeK5CIg==',NULL,987771232,NULL,NULL,'vuongnguyen282@gmail.com','Vương Nguyễn 7',NULL,0,0),('vuonmnnn282','ekRSjTfpds0djWgjeK5CIg==',NULL,8886737123,NULL,NULL,'vuonggg282@gmail.com','Vương Nguyễn 282',NULL,0,0),('vve','ekRSjTfpds0djWgjeK5CIg==',NULL,888731821,NULL,NULL,'vuongnv@gmail.com','Vuong Nguyen',NULL,0,0);
/*!40000 ALTER TABLE `account` ENABLE KEYS */;
UNLOCK TABLES;

--
-- Table structure for table `assessment`
--

DROP TABLE IF EXISTS `assessment`;
/*!40101 SET @saved_cs_client     = @@character_set_client */;
/*!50503 SET character_set_client = utf8mb4 */;
CREATE TABLE `assessment` (
  `assessmentId` int NOT NULL AUTO_INCREMENT,
  `category` varchar(150) DEFAULT NULL,
  `type` varchar(150) DEFAULT NULL,
  `part` int DEFAULT NULL,
  `weight` varchar(50) DEFAULT NULL,
  `completionCriteria` varchar(50) DEFAULT NULL,
  `duration` varchar(255) DEFAULT NULL,
  `clo` varchar(150) NOT NULL,
  `questionType` varchar(255) DEFAULT NULL,
  `noQuestion` varchar(255) DEFAULT NULL,
  `knowledgeSkill` varchar(255) DEFAULT NULL,
  `gradingGuide` varchar(255) DEFAULT NULL,
  `note` longtext,
  `syllabusId` int DEFAULT NULL,
  PRIMARY KEY (`assessmentId`)
) ENGINE=InnoDB AUTO_INCREMENT=3 DEFAULT CHARSET=utf8mb4 COLLATE=utf8mb4_0900_ai_ci;
/*!40101 SET character_set_client = @saved_cs_client */;

--
-- Dumping data for table `assessment`
--

LOCK TABLES `assessment` WRITE;
/*!40000 ALTER TABLE `assessment` DISABLE KEYS */;
INSERT INTO `assessment` VALUES (1,'On-going Assessment 1','on-going',1,'20.0%	','>0',' Option 1: 45\'/team; Option 2 (For Constructivism Approach only): Follow lecturer\'s proposal ','LO1, LO2, LO3, LO4, LO5','Option 1: N/A; Option 2 (For Constructivism Approach only): Follow lecturer\'s proposal','Option 1: Project Presentation; Option 2 (For Constructivism Approach only): Follow lecturer\'s proposal','Requirement Analysing Designing Coding Testing Integrating','Main evaluating items:- Submitted materials: SRS, SDS, Codes, Tasks/Issues Log- LOC Evaluation: evaluate based on the complexity & quality of the screens/functions','To get the maximum LOC Evaluation, each student need to have 180 LOC as the rated LOC',1),(2,'On-going Assessment 2','on-going',1,'20.0','>0','Option 1: 45\'/team; Option 2 (For Constructivism Approach only): Follow lecturer\'s proposal','LO1, LO2, LO3, LO4, LO5','Option 1: N/A; Option 2 (For Constructivism Approach only): Follow lecturer\'s proposal	','Option 1: Project Presentation; Option 2 (For Constructivism Approach only): Follow lecturer\'s proposal','Requirement Analysing Designing Coding Testing Integrating','Main evaluating items:\n- Submitted materials: SRS, SDS, Codes, Tasks/Issues Log\n- LOC Evaluation: evaluate based on the complexity & quality of the screens/functions','To get the maximum LOC Evaluation, each student need to have 180 LOC as the rated LOC',1);
/*!40000 ALTER TABLE `assessment` ENABLE KEYS */;
UNLOCK TABLES;

--
-- Table structure for table `combo`
--

DROP TABLE IF EXISTS `combo`;
/*!40101 SET @saved_cs_client     = @@character_set_client */;
/*!50503 SET character_set_client = utf8mb4 */;
CREATE TABLE `combo` (
  `comboId` int NOT NULL AUTO_INCREMENT,
  `comboNameVn` varchar(255) CHARACTER SET utf8mb3 COLLATE utf8_general_ci DEFAULT NULL,
  `comboNameEn` varchar(255) DEFAULT NULL,
  `note` longtext,
  `tag` varchar(50) DEFAULT NULL,
  `curriculumId` int DEFAULT NULL,
  PRIMARY KEY (`comboId`),
  KEY `fk_Combo_Curriculum` (`curriculumId`),
  CONSTRAINT `fk_Combo_Curriculum` FOREIGN KEY (`curriculumId`) REFERENCES `curriculum` (`curriculumId`)
) ENGINE=InnoDB AUTO_INCREMENT=24 DEFAULT CHARSET=utf8mb4 COLLATE=utf8mb4_0900_ai_ci;
/*!40101 SET character_set_client = @saved_cs_client */;

--
-- Dumping data for table `combo`
--

LOCK TABLES `combo` WRITE;
/*!40000 ALTER TABLE `combo` DISABLE KEYS */;
INSERT INTO `combo` VALUES (1,'Võ Vovinam','PHE_COM1: Vovinam BBA_MC_K16B','2331',NULL,2),(2,'Cờ Vua','	PHE_COM2: C? Vua BBA_MC_K16B','2',NULL,2),(3,'.NET','SE_COM3: Topic on .NET Programming_Ch? d? l?p trình .NET BIT_SE_K15A',NULL,NULL,5),(4,'Topic on SAP_Chủ đề SAP','Topic on SAP_Chủ đề SAP',NULL,NULL,6),(5,'Topic on Enterprise Information System_Chủ đề Hệ thống thông tin Doanh nghiệp BIT_IS_K15A','Topic on Enterprise Information System_Chủ đề Hệ thống thông tin Doanh nghiệp BIT_IS_K15A',NULL,NULL,6),(6,' Topic on Japanese Bridge Engineer_Chủ đề Kỹ sư cầu nối Nhật Bản (Định hướng Tiếng Nhật nâng cao cho kỹ sư CNTT) BIT_SE_K15A',' Topic on Japanese Bridge Engineer_Chủ đề Kỹ sư cầu nối Nhật Bản (Định hướng Tiếng Nhật nâng cao cho kỹ sư CNTT) BIT_SE_K15A',NULL,NULL,19),(7,'Topic on AI with Tensorflow_Chủ đề TTNT với Tensorflow BIT_SE_K15A','Topic on AI with Tensorflow_Chủ đề TTNT với Tensorflow BIT_SE_K15A','1',NULL,19),(8,'Topic on Information Technology - Korean Language_Chủ đề Công nghệ thông tin - tiếng Hàn BIT_SE_K15C','Topic on Information Technology - Korean Language_Chủ đề Công nghệ thông tin - tiếng Hàn BIT_SE_K15C',NULL,NULL,19),(9,'ReactJS','ReactJS',NULL,NULL,19),(10,'Topic on self-driving car_Chủ đề xe tự hành BIT_SE_K15C','Topic on self-driving car_Chủ đề xe tự hành BIT_SE_K15C',NULL,NULL,20),(11,'SE_COM4: Topic on React/NodeJS_Chủ đề React/NodeJS BIT_SE_K15D, K16A','SE_COM4: Topic on React/NodeJS_Chủ đề React/NodeJS BIT_SE_K15D, K16A',NULL,NULL,20),(12,'	SE_COM5.1.1:Topic on Japanese Bridge Engineer_Chủ đề Kỹ sư cầu nối Nhật Bản (Định hướng Tiếng Nhật CNTT: Lựa chọn JFE301 và 1 trong 2 học phần JIS401, JIT401 để triển khai ở kỳ 8) BIT_SE_K15C','	SE_COM5.1.1:Topic on Japanese Bridge Engineer_Chủ đề Kỹ sư cầu nối Nhật Bản (Định hướng Tiếng Nhật CNTT: Lựa chọn JFE301 và 1 trong 2 học phần JIS401, JIT401 để triển khai ở kỳ 8) BIT_SE_K15C',NULL,NULL,21),(13,'SE_COM9: Topic on SAP_Chủ đề SAP','SE_COM9: Topic on SAP_Chủ đề SAP',NULL,NULL,21),(14,'SE_COM9: Topic on SAP_Chủ đề Other','SE: Topic on AI_Chủ đề AI',NULL,NULL,21),(15,'Cờ Vua 1',NULL,NULL,NULL,21),(16,'Artist_K16B',NULL,'Training art ',NULL,2),(17,'Topic ON AI',NULL,NULL,NULL,21),(18,'Bơi Lội ',NULL,'Học Bơi',NULL,19),(19,'Nhảy Xa',NULL,'nhảy xa',NULL,22),(20,'Nhảy Cao',NULL,'Nhảy Cao',NULL,6),(21,'FreeFire',NULL,'',NULL,20),(22,'COMBO1',NULL,'',NULL,23),(23,'COMBO10',NULL,'',NULL,24);
/*!40000 ALTER TABLE `combo` ENABLE KEYS */;
UNLOCK TABLES;

--
-- Table structure for table `combo_subject`
--

DROP TABLE IF EXISTS `combo_subject`;
/*!40101 SET @saved_cs_client     = @@character_set_client */;
/*!50503 SET character_set_client = utf8mb4 */;
CREATE TABLE `combo_subject` (
  `comboId` int NOT NULL,
  `subjectCode` varchar(50) NOT NULL,
  PRIMARY KEY (`comboId`,`subjectCode`),
  KEY `fk_Combo_Subject_Subject` (`subjectCode`),
  CONSTRAINT `fk_Combo_Subject_Combo` FOREIGN KEY (`comboId`) REFERENCES `combo` (`comboId`),
  CONSTRAINT `fk_Combo_Subject_Subject` FOREIGN KEY (`subjectCode`) REFERENCES `subject` (`subjectCode`)
) ENGINE=InnoDB DEFAULT CHARSET=utf8mb4 COLLATE=utf8mb4_0900_ai_ci;
/*!40101 SET character_set_client = @saved_cs_client */;

--
-- Dumping data for table `combo_subject`
--

LOCK TABLES `combo_subject` WRITE;
/*!40000 ALTER TABLE `combo_subject` DISABLE KEYS */;
INSERT INTO `combo_subject` VALUES (22,'Boi309'),(18,'CEA201'),(19,'CEA201'),(20,'CEA201'),(21,'CEA201'),(23,'CEA201'),(1,'CSD201'),(18,'CSD201'),(22,'CSD201'),(23,'CSD201'),(21,'CSI104'),(23,'CSI104'),(4,'DBI202'),(16,'DBI202'),(18,'DBI202'),(19,'DBI202'),(4,'ENW492c'),(5,'ENW492c'),(21,'ENW492c'),(22,'ENW492c'),(2,'EXE_ELE'),(5,'EXE_ELE'),(16,'EXE_ELE'),(19,'EXE_ELE'),(6,'HCM202'),(7,'HCM202'),(9,'HCM202'),(16,'HCM202'),(18,'HCM202'),(19,'HCM202'),(20,'HCM202'),(21,'IAA201'),(1,'IOT102'),(6,'IOT102'),(7,'IOT102'),(8,'IOT102'),(9,'IOT102'),(16,'IOT102'),(19,'IOT102'),(8,'ITE302c'),(18,'ITE302c'),(8,'JPD113'),(10,'JPD113'),(11,'JPD113'),(8,'JPD123'),(10,'JPD123'),(11,'JPD123'),(2,'OTP101'),(20,'PRJ301'),(20,'PRM392'),(3,'SE_COM*1'),(3,'SE_COM*2'),(1,'VOV114'),(1,'VOV124'),(1,'VOV134');
/*!40000 ALTER TABLE `combo_subject` ENABLE KEYS */;
UNLOCK TABLES;

--
-- Table structure for table `curriculum`
--

DROP TABLE IF EXISTS `curriculum`;
/*!40101 SET @saved_cs_client     = @@character_set_client */;
/*!50503 SET character_set_client = utf8mb4 */;
CREATE TABLE `curriculum` (
  `curriculumId` int NOT NULL AUTO_INCREMENT,
  `curriculumCode` varchar(50) DEFAULT NULL,
  `nameVn` varchar(255) CHARACTER SET utf8mb3 COLLATE utf8_general_ci DEFAULT NULL,
  `nameEn` varchar(255) DEFAULT NULL,
  `decription` longtext,
  `decisionNo` varchar(150) DEFAULT NULL,
  `totalCredit` int DEFAULT NULL,
  `isActive` tinyint DEFAULT NULL,
  PRIMARY KEY (`curriculumId`),
  KEY `fk_Currculum_Decision` (`decisionNo`),
  CONSTRAINT `fk_Currculum_Decision` FOREIGN KEY (`decisionNo`) REFERENCES `decision` (`decisionNo`)
) ENGINE=InnoDB AUTO_INCREMENT=33 DEFAULT CHARSET=utf8mb4 COLLATE=utf8mb4_0900_ai_ci;
/*!40101 SET character_set_client = @saved_cs_client */;

--
-- Dumping data for table `curriculum`
--

LOCK TABLES `curriculum` WRITE;
/*!40000 ALTER TABLE `curriculum` DISABLE KEYS */;
INSERT INTO `curriculum` VALUES (2,'BBA_MC_K16B','Chương Trình Cử Nhân QTKD','Bachelor Program of Business Administration','Training Objectives General objectives: The program of Bachelor of Business Administration, Multimedia communication specialty aims to train bachelors with personality and capacity to meet the needs of society, mastering professional','1189/QÐ-ÐHFPT',145,1),(5,'BIT_SE_K16B','Chương Trình Cử Nhân','Bachelor','Training Objectives 1.1 General objective: Training Information Technology (IT)/Software Engineering (SE) specialty engineers with personality and capacity to meet the needs of society, ','1189/QÐ-ÐHFPT',145,1),(6,'BBA_MC_K16C','Cử Nhân','Bachelor',' Training Objectives General objectives: The program of Bachelor of Business Administration,','1189/QÐ-ÐHFPT',145,0),(19,'BBA_MC_K16B','Chương trình cử nhân ngành QTKD, chuyên ngành QTTTĐPT','Bachelor Program of Business Administration, Multimedia Communication Major','1. Training Objectives General objectives: The program of Bachelor of Business Administration, Multimedia communication specialty aims to train bachelors with personality and capacity to meet the needs of society','1095/QÐ-ÐHFPT',145,1),(20,'BIT_SE_K16B','Chương trình cử nhân ngành CNTT, chuyên ngành Kỹ thuật phần mềm','Bachelor Program of Information Technology, Software Engineering Major ','1. Training Objectives 1.1 General objective: Training Information Technology (IT)/Software Engineering (SE) specialty engineers with personality and capacity to meet the needs of society','1095/QÐ-ÐHFPT',145,1),(21,'BBA_MC_K16C','Chương trình cử nhân ngành QTKD, chuyên ngành QTTTĐPT','Bachelor Program of Business Administration, Multimedia Communication Major','1. Training Objectives General objectives: The program of Bachelor of Business Administration, Multimedia communication specialty aims to train bachelors with personality and capacity to meet the needs of society,','1095/QÐ-ÐHFPT',145,1),(22,'BEN_K16B','Chương trình cử nhân Ngôn ngữ Anh','Bachelor of English Studies','1. General objective: The program of Bachelor of English Studies aims to train proficient bachelors with personality and capacity to meet the needs of society; be able to use English','1095/QÐ-ÐHFPT',145,0),(23,'BEN_K16C','Chương trình cử nhân Ngôn ngữ Anh','Bachelor of English Studies','1. General objective: The program of Bachelor of English Studies aims to train proficient bachelors with personality and capacity to meet the needs of society; be able to use English','1095/QÐ-ÐHFPT',145,0),(24,'BBA_MKT_K16B','CTĐT ngành QTKD, chuyên ngành Marketing','Bachelor Program of Business Adminstration, Marketing Major','1. Training Objectives General objective: Training Bachelor of Information Technology, Digital Art & Design specialty with personality and capacity to meet the needs of society','1095/QÐ-ÐHFPT',146,1),(25,'BBA_MC_K16B','Chương trình cử nhân ngành QTKD, chuyên ngành QTTTĐPT','Bachelor Program of Business Administration, Multimedia Communication Major','1. Training Objectives\nGeneral objectives:\nThe program of Bachelor of Business Administration, Multimedia communication specialty aims to train bachelors with personality and capacity to meet the needs of society, mastering professional knowledge and practice, being able to organize, implement and promote the creativity in jobs related to the trained specialty, being able to work in the international environment, and laying the foundation to pursue further study and research in multimedia communication.\nSpecific objectives:\nPO1: Help students develop physically, mentally, intellectually, morally and deepen national pride by equipping them with general knowledge of politics, law, economy, society, physical education, music and national defense education.\nPO2: Provide students with foundational knowledge of business administration and in-depth knowledge of multimedia communication.\nPO3: Helps students combine knowledge of communication and multimedia art, and be able to apply knowledge of information technology in producing communication products.\nPO4: Provide knowledge of the entire process of strategic and communication planning for businesses, etc.\nPO5: Help learners practice essential skills such as proficiently using words, images, sounds, and content creation skills in the process of producing communication products.\nPO6: Orientate students towards the right attitudes and work ethics, abilities to think creatively, work well in groups and independently and abilities to solve problems related to multimedia communication effectively, and be capable of lifelong learning for personal and professional development.\nPO7: Help students use English fluently and a second language at a basic level.\nJob positions after graduation:\nGraduates of the Multimedia communication specialty have diverse job opportunities such as:\n• Content creation specialist/director;\n• Communication specialist/director;\n• Advertising and public relations specialist;\n• Reporters, editors for television, radio, print newspapers, magazines;\n• Multimedia research analyst;\n• Take charge of media startups/agency, media product production;\n• Startup CEO in the field of multimedia communication.\n• Researchers / Lecturers / Postgraduates: can carry out research activities in centers that conduct research in the field of Multimedia communication.\nUpon graduation, bachelors can pursue further study to obtain a master\'s degree in Business Administration and Communication, Multimedia Content Creation.\n\n1. Mục tiêu của chương trình\nMục tiêu chung:\nMục tiêu của chương trình cử nhân Quản trị Kinh doanh (QTKD), chuyên ngành Quản trị Truyền thông đa phương tiện nhằm đào tạo người học có nhân cách và năng lực đáp ứng nhu cầu thực tế của xã hội, nắm vững kiến thức chuyên môn, có khả năng tổ chức, thực hiện và phát huy sáng tạo trong các công việc liên quan đến chuyên ngành được đào tạo, làm việc được trong môi trường quốc tế, tạo tiền đề cho việc học tập, nghiên cứu ở bậc học cao hơn về chuyên ngành QTTTĐPT.\nMục tiêu cụ thể:\nPO1: Phát triển về thể chất, tinh thần, trí tuệ, nhân sinh quan, lòng tự hào dân tộc thông qua việc trang bị cho người học những kiến thức tổng quát về lý luận chính trị, pháp luật, kinh tế, xã hội, giáo dục thể chất, âm nhạc, giáo dục quốc phòng.\nPO2: Cung cấp cho người học những kiến thức cơ bản trong quản trị kinh doanh và kiến thức chuyên sâu về Quản trị truyền thông đa phương tiện.\nPO3: Giúp người học kết hợp các kiến thức về truyền thông và mỹ thuật đa phương tiện, đồng thời ứng dụng được các kiến thức về công nghệ thông tin trong quá trình sản xuất các sản phẩm truyền thông.\nPO4: Người học sẽ được bao quát toàn bộ quá trình xây dựng chiến lược, hoạch định truyền thông cho doanh nghiệp...\nPO5: Giúp người học rèn luyện những kỹ năng thiết yếu như sử dụng thành thạo ngôn từ, hình ảnh, âm thanh và kỹ năng tạo lập nội dung trong quá trình sản xuất các sản phẩm truyền thông.\nPO6: Hướng người học có thái độ và đạo đức nghề nghiệp đúng đắn, có khả năng tư duy sáng tạo, làm việc nhóm, làm việc độc lập và có năng lực giải quyết các vấn đề liên quan tới quản trị truyền thông đa phương tiện một cách hiệu quả, có khả năng tự học tập suốt đời để phát triển bản thân và công việc.\nPO7: Giúp người học sử dụng thành thạo tiếng Anh và một ngoại ngữ hai ở mức cơ bản.\nVị trí việc làm sau khi tốt nghiệp:\nSinh viên tốt nghiệp chuyên ngành Quản trị Truyền thông Đa phương tiện sẽ có nhiều cơ hội làm việc đa dạng như:\n• Chuyên viên/giám đốc sáng tạo nội dung;\n• Chuyên viên/giám đốc truyền thông;\n• Chuyên viên quảng cáo và quan hệ công chúng;\n• Phóng viên, biên tập viên truyền hình, phát thanh, báo in, tạp chí;\n• Chuyên gia nghiên cứu truyền thông đa phương tiện;\n• Phụ trách các start up/agency về truyền thông, sản xuất sản phẩm truyền thông;\n• CEO của các start up về lĩnh vực truyền thông đa phương tiện do mình sáng lập.\n• Nghiên cứu viên/ Giảng viên/ học sau đại học: Có thể thực hiện nhiệm vụ nghiên cứu tại các trung tâm, đơn vị có nghiên cứu về lĩnh vực QTTTĐPT.\nSau khi tốt nghiệp, các cử nhân có thể học tiếp để lấy bằng cao học về Quản trị Kinh doanh và Truyền thông, Sản xuất nội dung Đa phương tiện.','1095/QĐ-ĐHFPT',145,1),(26,'BBA_MKT_K16C','CTĐT ngành QTKD, chuyên ngành Marketing','Bachelor Program of Business Adminstration, Marketing Major','1. Training Objectives General objective: Training Bachelor of Information Technology, Digital Art & Design specialty with personality and capacity to meet the needs of society','1095/QÐ-ÐHFPT',145,0),(27,'BIT_SE_K16B','Chương trình cử nhân ngành CNTT, chuyên ngành Kỹ thuật phần mềm','Bachelor Program of Information Technology, Software Engineering Major','1. Training Objectives 1.1 General objective: Training Information Technology (IT)-Software Engineering (SE) specialty engineers with personality and capacity to meet the needs of society, mastering professional knowledge and practice, being able to organ...','1189/QÐ-ÐHFPT',145,1),(28,'BBA_MC_K16C','Chương trình cử nhân ngành QTKD, chuyên ngành QTTTĐPT','Bachelor Program of Business Administration, Multimedia Communication Major','1. Training Objectives General objectives: The program of Bachelor of Business Administration, Multimedia communication specialty aims to train bachelors with personality and capacity to meet the needs of society, mastering professional knowledge and pr...','1189/QÐ-ÐHFPT',145,1),(29,'BEN_K16B','Chương trình cử nhân Ngôn ngữ Anh','Bachelor of English Studies','1. General objective: The program of Bachelor of English Studies aims to train proficient bachelors with personality and capacity to meet the needs of society; be able to use English fluently at a minimum level equivalent to level 5 according to the 6-lev...','1189/QÐ-ÐHFPT',145,1),(30,'BEN_K16C','Chương trình cử nhân Ngôn ngữ Anh','Bachelor of English Studies','1. General objective: The program of Bachelor of English Studies aims to train proficient bachelors with personality and capacity to meet the needs of society; be able to use English fluently at a minimum level equivalent to level 5 according to the 6-lev...','1189/QÐ-ÐHFPT',145,1),(31,'BBA_MKT_K16B','CTĐT ngành QTKD, chuyên ngành Marketing','Bachelor Program of Business Adminstration','The objective of the Bachelor of Business Administration – Marketing program of FPT University is to train students into specialists in marketing management, managers, and entrepreneurs. Students will be equipped with all essential knowledge and skills to...','1189/QÐ-ÐHFPT',145,1),(32,'BBA_MC_K16B','Chương trình cử nhân ngành QTKD, chuyên ngành QTTTĐPT','Bachelor Program of Business Administration, Multimedia Communication Major','1. Training Objectives General objectives: The program of Bachelor of Business Administration, Multimedia communication specialty aims to train bachelors with personality and capacity to meet the needs of society, mastering professional knowledge and pr...','1189/QÐ-ÐHFPT',145,1);
/*!40000 ALTER TABLE `curriculum` ENABLE KEYS */;
UNLOCK TABLES;

--
-- Table structure for table `curriculum_subject`
--

DROP TABLE IF EXISTS `curriculum_subject`;
/*!40101 SET @saved_cs_client     = @@character_set_client */;
/*!50503 SET character_set_client = utf8mb4 */;
CREATE TABLE `curriculum_subject` (
  `curriculumId` int NOT NULL,
  `subjectCode` varchar(50) NOT NULL,
  PRIMARY KEY (`curriculumId`,`subjectCode`),
  KEY `fk_Curriculum_Subject_Subject` (`subjectCode`),
  CONSTRAINT `fk_Curriculum_Subject_Curriculum` FOREIGN KEY (`curriculumId`) REFERENCES `curriculum` (`curriculumId`),
  CONSTRAINT `fk_Curriculum_Subject_Subject` FOREIGN KEY (`subjectCode`) REFERENCES `subject` (`subjectCode`)
) ENGINE=InnoDB DEFAULT CHARSET=utf8mb4 COLLATE=utf8mb4_0900_ai_ci;
/*!40101 SET character_set_client = @saved_cs_client */;

--
-- Dumping data for table `curriculum_subject`
--

LOCK TABLES `curriculum_subject` WRITE;
/*!40000 ALTER TABLE `curriculum_subject` DISABLE KEYS */;
INSERT INTO `curriculum_subject` VALUES (26,'CEA201'),(26,'CSD201'),(26,'CSI104'),(26,'DBI202'),(26,'JPD113'),(26,'JPD123'),(26,'PRF192'),(26,'PRO192');
/*!40000 ALTER TABLE `curriculum_subject` ENABLE KEYS */;
UNLOCK TABLES;

--
-- Table structure for table `decision`
--

DROP TABLE IF EXISTS `decision`;
/*!40101 SET @saved_cs_client     = @@character_set_client */;
/*!50503 SET character_set_client = utf8mb4 */;
CREATE TABLE `decision` (
  `decisionNo` varchar(150) NOT NULL,
  `decisionName` varchar(150) CHARACTER SET utf8mb3 COLLATE utf8_general_ci DEFAULT NULL,
  `approvedDate` date DEFAULT NULL,
  `note` longtext,
  `createDate` date DEFAULT NULL,
  `fileName` varchar(150) DEFAULT NULL,
  PRIMARY KEY (`decisionNo`)
) ENGINE=InnoDB DEFAULT CHARSET=utf8mb4 COLLATE=utf8mb4_0900_ai_ci;
/*!40101 SET character_set_client = @saved_cs_client */;

--
-- Dumping data for table `decision`
--

LOCK TABLES `decision` WRITE;
/*!40000 ALTER TABLE `decision` DISABLE KEYS */;
INSERT INTO `decision` VALUES ('1095/QÐ-ÐHFPT','','1900-01-01','','1900-01-01',''),('1189/QÐ-ÐHFPT','Ban hành đề cương chi tiết học kì Spring 2023','2022-12-22',NULL,'2022-12-22',NULL),('703/QÐ-ÐH-FPT','Ban hành điều chỉnh đề cương kì Fall 2022','2022-08-17',NULL,'2022-08-19',NULL);
/*!40000 ALTER TABLE `decision` ENABLE KEYS */;
UNLOCK TABLES;

--
-- Table structure for table `elective`
--

DROP TABLE IF EXISTS `elective`;
/*!40101 SET @saved_cs_client     = @@character_set_client */;
/*!50503 SET character_set_client = utf8mb4 */;
CREATE TABLE `elective` (
  `electiveId` int NOT NULL AUTO_INCREMENT,
  `electiveNameVn` varchar(255) CHARACTER SET utf8mb3 COLLATE utf8_general_ci DEFAULT NULL,
  `electiveNameEn` varchar(255) DEFAULT NULL,
  `note` longtext,
  `tag` varchar(50) DEFAULT NULL,
  `curriculumId` int DEFAULT NULL,
  PRIMARY KEY (`electiveId`),
  KEY `fk_Elective_Curriculum` (`curriculumId`),
  CONSTRAINT `fk_Elective_Curriculum` FOREIGN KEY (`curriculumId`) REFERENCES `curriculum` (`curriculumId`)
) ENGINE=InnoDB AUTO_INCREMENT=31 DEFAULT CHARSET=utf8mb4 COLLATE=utf8mb4_0900_ai_ci;
/*!40101 SET character_set_client = @saved_cs_client */;

--
-- Dumping data for table `elective`
--

LOCK TABLES `elective` WRITE;
/*!40000 ALTER TABLE `elective` DISABLE KEYS */;
INSERT INTO `elective` VALUES (1,'	BBA_MKT_K16B TMI_ELE','	BBA_MKT_K16B TMI_ELE','',NULL,5),(2,'BBA_MKT_K16B MKT_ELE	','BBA_MKT_K16B MKT_ELE	',NULL,NULL,2),(3,'Entrepreneurship Group 1_ Nhóm môn Khởi nghiệp 1	','Entrepreneurship Group 1_ Nhóm môn Khởi nghiệp 1	',NULL,NULL,5),(4,'MKT_Entrepreneurship 2 and Combos_Nhóm môn khởi nghiệp 2 và combo	','MKT_Entrepreneurship 2 and Combos_Nhóm môn khởi nghiệp 2 và combo	',NULL,NULL,5),(5,'	IB_Entrepreneurship 2 and Combos_ Nhóm học phần Khởi nghiệp 2 và Combos','	IB_Entrepreneurship 2 and Combos_ Nhóm học phần Khởi nghiệp 2 và Combos',NULL,NULL,6),(16,'BIT_GD_K16D,K17A TMI_ELE	','BIT_GD_K16D,K17A TMI_ELE	',NULL,NULL,6),(17,'SE_Entrepreneurship 2 and Combos	','SE_Entrepreneurship 2 and Combos	',NULL,NULL,19),(18,'Entrepreneurship Group 1_ Nhóm môn Khởi nghiệp 1	','Entrepreneurship Group 1_ Nhóm môn Khởi nghiệp 1	',NULL,NULL,19),(19,'BBA_MKT_K16B TMI_ELE	','BBA_MKT_K16B TMI_ELE	',NULL,NULL,19),(20,'MKT_Entrepreneurship 2 and Combos_Nhóm môn khởi nghiệp 2 và combo	','MKT_Entrepreneurship 2 and Combos_Nhóm môn khởi nghiệp 2 và combo	',NULL,NULL,20),(21,'BIT_AI_K17B TMI_ELE	','BIT_AI_K17B TMI_ELE	',NULL,NULL,20),(22,'MC_Entrepreneurship 2 and Combos_ Nhóm học phần Khởi nghiệp 2 và Combos	','MC_Entrepreneurship 2 and Combos_ Nhóm học phần Khởi nghiệp 2 và Combos	',NULL,NULL,21),(23,'BBA_FIN_K16B FIN_ELE	','BBA_FIN_K16B FIN_ELE	',NULL,NULL,22),(24,'FIN_Entrepreneurship 2 and Combos_ Nhóm môn Khởi nghiệp 2 và Combos	','FIN_Entrepreneurship 2 and Combos_ Nhóm môn Khởi nghiệp 2 và Combos	',NULL,NULL,22),(25,'Entrepreneurship Group 1_ Nhóm môn Khởi nghiệp 1	','Entrepreneurship Group 1_ Nhóm môn Khởi nghiệp 1	',NULL,NULL,23),(26,'Elective1','elective1','1','1',2),(27,'Elective2','Elective2','e',NULL,20),(28,'Elective 3 ','Elective 3 ','E',NULL,2),(30,'Elective22','Elective22','',NULL,24);
/*!40000 ALTER TABLE `elective` ENABLE KEYS */;
UNLOCK TABLES;

--
-- Table structure for table `elective_subject`
--

DROP TABLE IF EXISTS `elective_subject`;
/*!40101 SET @saved_cs_client     = @@character_set_client */;
/*!50503 SET character_set_client = utf8mb4 */;
CREATE TABLE `elective_subject` (
  `electiveId` int NOT NULL,
  `subjectCode` varchar(50) NOT NULL,
  PRIMARY KEY (`electiveId`,`subjectCode`),
  KEY `fk_Elective_Subject_Subject` (`subjectCode`),
  CONSTRAINT `fk_Elective_Subject_Elecitve` FOREIGN KEY (`electiveId`) REFERENCES `elective` (`electiveId`),
  CONSTRAINT `fk_Elective_Subject_Subject` FOREIGN KEY (`subjectCode`) REFERENCES `subject` (`subjectCode`)
) ENGINE=InnoDB DEFAULT CHARSET=utf8mb4 COLLATE=utf8mb4_0900_ai_ci;
/*!40101 SET character_set_client = @saved_cs_client */;

--
-- Dumping data for table `elective_subject`
--

LOCK TABLES `elective_subject` WRITE;
/*!40000 ALTER TABLE `elective_subject` DISABLE KEYS */;
INSERT INTO `elective_subject` VALUES (1,'ADS301m'),(26,'ADS301m'),(27,'BIA202'),(27,'Boi309'),(28,'Boi309'),(30,'Boi309'),(1,'BRA301'),(27,'CEA201'),(30,'CEA201'),(1,'CMC201c	'),(2,'CMC201c	'),(27,'CSD201'),(28,'CSD201'),(30,'CSD201'),(30,'CSI104'),(2,'ĐBA102'),(3,'DBM301'),(3,'DBP391'),(3,'ĐNG102'),(4,'ĐNH102'),(4,'ĐSA102'),(4,'ĐTB102'),(5,'DTG111'),(5,'ĐTR102'),(16,'ECO201'),(16,'ELP321c'),(16,'ELP491'),(17,'ELT492'),(17,'ENW492c'),(17,'ETT301'),(18,'EXE_ELE'),(18,'EXE101'),(18,'FIN304'),(19,'FIN305'),(19,'FIN307'),(20,'GEM201'),(20,'HOM301c	'),(21,'IAA201'),(21,'IAA201c'),(21,'IAM319'),(22,'ICT301'),(22,'IEI301'),(22,'IIP301'),(22,'KGT401'),(23,'KLB401'),(23,'KLC301'),(23,'KRE301'),(23,'KRH401'),(24,'KTG401'),(24,'MGT103'),(24,'MKT205c'),(24,'MKT208c'),(25,'MLN111'),(25,'MLN122'),(25,'MLN131'),(25,'VDP201	');
/*!40000 ALTER TABLE `elective_subject` ENABLE KEYS */;
UNLOCK TABLES;

--
-- Table structure for table `feature`
--

DROP TABLE IF EXISTS `feature`;
/*!40101 SET @saved_cs_client     = @@character_set_client */;
/*!50503 SET character_set_client = utf8mb4 */;
CREATE TABLE `feature` (
  `featureid` int NOT NULL,
  `featurename` varchar(50) CHARACTER SET utf8mb3 COLLATE utf8_general_ci NOT NULL,
  `url` varchar(50) CHARACTER SET utf8mb3 COLLATE utf8_general_ci NOT NULL,
  PRIMARY KEY (`featureid`)
) ENGINE=InnoDB DEFAULT CHARSET=utf8mb4 COLLATE=utf8mb4_0900_ai_ci;
/*!40101 SET character_set_client = @saved_cs_client */;

--
-- Dumping data for table `feature`
--

LOCK TABLES `feature` WRITE;
/*!40000 ALTER TABLE `feature` DISABLE KEYS */;
/*!40000 ALTER TABLE `feature` ENABLE KEYS */;
UNLOCK TABLES;

--
-- Table structure for table `feedback`
--

DROP TABLE IF EXISTS `feedback`;
/*!40101 SET @saved_cs_client     = @@character_set_client */;
/*!50503 SET character_set_client = utf8mb4 */;
CREATE TABLE `feedback` (
  `feedbackId` int NOT NULL AUTO_INCREMENT,
  `category` longtext,
  `content` longtext,
  `createDate` date DEFAULT NULL,
  `isSeen` tinyint DEFAULT NULL,
  `userName` varchar(150) DEFAULT NULL,
  PRIMARY KEY (`feedbackId`)
) ENGINE=InnoDB DEFAULT CHARSET=utf8mb4 COLLATE=utf8mb4_0900_ai_ci;
/*!40101 SET character_set_client = @saved_cs_client */;

--
-- Dumping data for table `feedback`
--

LOCK TABLES `feedback` WRITE;
/*!40000 ALTER TABLE `feedback` DISABLE KEYS */;
/*!40000 ALTER TABLE `feedback` ENABLE KEYS */;
UNLOCK TABLES;

--
-- Table structure for table `googleloginhistory`
--

DROP TABLE IF EXISTS `googleloginhistory`;
/*!40101 SET @saved_cs_client     = @@character_set_client */;
/*!50503 SET character_set_client = utf8mb4 */;
CREATE TABLE `googleloginhistory` (
  `id` varchar(150) CHARACTER SET utf8mb3 COLLATE utf8_general_ci NOT NULL,
  `email` varchar(50) CHARACTER SET utf8mb3 COLLATE utf8_general_ci NOT NULL,
  `timelogin` date DEFAULT NULL
) ENGINE=InnoDB DEFAULT CHARSET=utf8mb4 COLLATE=utf8mb4_0900_ai_ci;
/*!40101 SET character_set_client = @saved_cs_client */;

--
-- Dumping data for table `googleloginhistory`
--

LOCK TABLES `googleloginhistory` WRITE;
/*!40000 ALTER TABLE `googleloginhistory` DISABLE KEYS */;
INSERT INTO `googleloginhistory` VALUES ('101603371740690711919','vuongnvhe163581@fpt.edu.vn',NULL),('107137775566391228606','vuongnguyenvan282@gmail.com',NULL),('eqweq11','vvv@gmail.com',NULL),('qweq1','vuong123',NULL),('123','qeq2@jjdqw','2023-02-07'),('107137775566391228606','vuongnguyenvan282@gmail.com','2023-02-07'),('101603371740690711919','vuongnvhe163581@fpt.edu.vn','2023-02-07'),('101603371740690711919','vuongnvhe163581@fpt.edu.vn','2023-02-08'),('107137775566391228606','vuongnguyenvan282@gmail.com','2023-02-09'),('101603371740690711919','vuongnvhe163581@fpt.edu.vn','2023-02-09'),('101603371740690711919','vuongnvhe163581@fpt.edu.vn','2023-02-15'),('101603371740690711919','vuongnvhe163581@fpt.edu.vn','2023-02-16'),('101603371740690711919','vuongnvhe163581@fpt.edu.vn','2023-02-18');
/*!40000 ALTER TABLE `googleloginhistory` ENABLE KEYS */;
UNLOCK TABLES;

--
-- Table structure for table `lo`
--

DROP TABLE IF EXISTS `lo`;
/*!40101 SET @saved_cs_client     = @@character_set_client */;
/*!50503 SET character_set_client = utf8mb4 */;
CREATE TABLE `lo` (
  `loId` int NOT NULL AUTO_INCREMENT,
  `cloName` varchar(50) DEFAULT NULL,
  `cloDetails` longtext,
  `loDetails` longtext,
  `syllabusId` int DEFAULT NULL,
  PRIMARY KEY (`loId`)
) ENGINE=InnoDB AUTO_INCREMENT=883 DEFAULT CHARSET=utf8mb4 COLLATE=utf8mb4_0900_ai_ci;
/*!40101 SET character_set_client = @saved_cs_client */;

--
-- Dumping data for table `lo`
--

LOCK TABLES `lo` WRITE;
/*!40000 ALTER TABLE `lo` DISABLE KEYS */;
INSERT INTO `lo` VALUES (1,'CLO1','Can study & analyze to understand the project requirements, actively make questions if necessary',NULL,1),(2,'CLO2','Understand and applying MVC design pattern, knowledges of OOP in designing code modules as well as designing database based on designed UI',NULL,1),(3,'CLO3','Proficiency in Web programming skills, based on the Java/DotNet programming language',NULL,1),(4,'CLO4','Exhibit professional working attitudes',NULL,1),(5,'CLO5','Practice oral presentation and inter-personal communications',NULL,1);
/*!40000 ALTER TABLE `lo` ENABLE KEYS */;
UNLOCK TABLES;

--
-- Table structure for table `lo_session`
--

DROP TABLE IF EXISTS `lo_session`;
/*!40101 SET @saved_cs_client     = @@character_set_client */;
/*!50503 SET character_set_client = utf8mb4 */;
CREATE TABLE `lo_session` (
  `loid` int NOT NULL,
  `sessionid` int NOT NULL,
  PRIMARY KEY (`loid`,`sessionid`),
  KEY `sessionid` (`sessionid`),
  CONSTRAINT `lo_session_ibfk_1` FOREIGN KEY (`loid`) REFERENCES `lo` (`loId`),
  CONSTRAINT `lo_session_ibfk_2` FOREIGN KEY (`sessionid`) REFERENCES `session` (`sessionId`)
) ENGINE=InnoDB DEFAULT CHARSET=utf8mb4 COLLATE=utf8mb4_0900_ai_ci;
/*!40101 SET character_set_client = @saved_cs_client */;

--
-- Dumping data for table `lo_session`
--

LOCK TABLES `lo_session` WRITE;
/*!40000 ALTER TABLE `lo_session` DISABLE KEYS */;
/*!40000 ALTER TABLE `lo_session` ENABLE KEYS */;
UNLOCK TABLES;

--
-- Table structure for table `mapping`
--

DROP TABLE IF EXISTS `mapping`;
/*!40101 SET @saved_cs_client     = @@character_set_client */;
/*!50503 SET character_set_client = utf8mb4 */;
CREATE TABLE `mapping` (
  `poId` int DEFAULT NULL,
  `ploId` int DEFAULT NULL,
  `curriculumId` int DEFAULT NULL,
  KEY `poId_idx` (`poId`),
  KEY `ploId_idx` (`ploId`),
  KEY `curriculumId_idx` (`curriculumId`),
  CONSTRAINT `curriculumId` FOREIGN KEY (`curriculumId`) REFERENCES `curriculum` (`curriculumId`),
  CONSTRAINT `ploId` FOREIGN KEY (`ploId`) REFERENCES `plo` (`ploId`),
  CONSTRAINT `poId` FOREIGN KEY (`poId`) REFERENCES `po` (`poId`)
) ENGINE=InnoDB DEFAULT CHARSET=utf8mb4 COLLATE=utf8mb4_0900_ai_ci;
/*!40101 SET character_set_client = @saved_cs_client */;

--
-- Dumping data for table `mapping`
--

LOCK TABLES `mapping` WRITE;
/*!40000 ALTER TABLE `mapping` DISABLE KEYS */;
/*!40000 ALTER TABLE `mapping` ENABLE KEYS */;
UNLOCK TABLES;

--
-- Table structure for table `material`
--

DROP TABLE IF EXISTS `material`;
/*!40101 SET @saved_cs_client     = @@character_set_client */;
/*!50503 SET character_set_client = utf8mb4 */;
CREATE TABLE `material` (
  `materialId` int NOT NULL AUTO_INCREMENT,
  `materialDescription` longtext,
  `author` varchar(255) CHARACTER SET utf8mb3 COLLATE utf8_general_ci DEFAULT NULL,
  `publisher` varchar(255) CHARACTER SET utf8mb3 COLLATE utf8_general_ci DEFAULT NULL,
  `publishedDate` date DEFAULT NULL,
  `edition` varchar(255) CHARACTER SET utf8mb3 COLLATE utf8_general_ci DEFAULT NULL,
  `ISBN` varchar(150) CHARACTER SET utf8mb3 COLLATE utf8_general_ci DEFAULT NULL,
  `isMainMaterial` tinyint DEFAULT NULL,
  `isHardCopy` tinyint DEFAULT NULL,
  `isOnline` tinyint DEFAULT NULL,
  `note` longtext,
  `subjectCode` varchar(50) DEFAULT NULL,
  PRIMARY KEY (`materialId`),
  KEY `fk_Material_Subject` (`subjectCode`),
  CONSTRAINT `fk_Material_Subject` FOREIGN KEY (`subjectCode`) REFERENCES `subject` (`subjectCode`)
) ENGINE=InnoDB AUTO_INCREMENT=616 DEFAULT CHARSET=utf8mb4 COLLATE=utf8mb4_0900_ai_ci;
/*!40101 SET character_set_client = @saved_cs_client */;

--
-- Dumping data for table `material`
--

LOCK TABLES `material` WRITE;
/*!40000 ALTER TABLE `material` DISABLE KEYS */;
INSERT INTO `material` VALUES (1,'Introductory documents aout FPT Group and FPT University','','','1900-01-01','','',0,0,0,'','OTP101'),(2,'Hồi ký: Những điều đọng lại qua hai cuộc chiến tranh','','','1900-01-01','','',0,0,0,'','OTP101'),(3,'Hồi ký: Tổng hành dinh','','','1900-01-01','','',0,0,0,'','OTP101'),(4,'Computer Organization and Architecture: Design for Performance','William Stallings','Prentice Hall','2012-01-01','9th (or 10th)','978-0132936330 (9th), 978-0134101613 (10th)',1,1,0,'','CEA201'),(5,'Computer architecture : A quantitative approach','John L. Hennessy, David A Patterson','Morgan Kaufmann','1900-01-01','','',0,1,0,'','CEA201'),(6,'http://williamstallings.com/ComputerOrganization/COA9e-Instructor/','','','1900-01-01','','',0,0,1,'','CEA201'),(7,'http://williamstallings.com/ComputerOrganization/COA9e-student/','','','1900-01-01','','',0,0,1,'','CEA201'),(8,'PowerPoint Lecture Slides','','','1900-01-01','','',0,0,0,'','CEA201'),(9,'Instructor Solutions Manual','','','1900-01-01','','',0,0,0,'','CEA201'),(10,'Instructor Project Manual','','','1900-01-01','','',0,0,0,'','CEA201'),(11,'Test banks','','','1900-01-01','','',0,0,0,'','CEA201'),(12,'Foundations Of Computer Science','Behrouz Forouzan','Cengage','2017-01-01','4th','978-1-4737-5104-0',1,1,0,'','CSI104'),(13,'Fundamentals of Information Systems Security','','Jones & Bartlett','2016-01-01','3rd','',0,1,0,'','CSI104'),(14,'Computer architecture : A quantitative approach','John L. Hennessy, David A Patterson','Morgan Kaufmann','2011-01-01','5th','',0,1,0,'','CSI104'),(15,'Calculus 1','','','1900-01-01','','',1,0,1,'https://openstax.org/details/books/calculus-volume-1','MAE101'),(16,'Calculus 2','','','1900-01-01','','',1,0,1,'https://openstax.org/details/books/calculus-volume-2','MAE101'),(17,'powerpoint in CD + Powerpoint prepared by previous lecturers (PP).','','','1900-01-01','','',0,0,0,'','MAE101'),(18,'Student Video Skillbuilder in CD (Video).','','','1900-01-01','','',0,0,0,'','MAE101'),(19,'Animation in CD (Animation).','','','1900-01-01','','',0,0,0,'','MAE101'),(20,'Computerized tools (for example Maxima http://maxima.sourceforge.net/) (CT)','','','1900-01-01','','',0,0,0,'','MAE101'),(21,'Essential Calculus','James Stewart','Thomson Brooks/Cole','1900-01-01','','978-0-495-10860-3',0,0,0,'','MAE101'),(22,'Calculus for engineers','Donald Trim','Prentice Hall,','1900-01-01','','0-13-085603-7',0,0,0,'','MAE101'),(23,'Calculus','Stanley I. Grossman','','1900-01-01','','0-03-096420-2',0,0,0,'','MAE101'),(24,'Linear Algebra with applications','W.Keith Nicholson,','Mc Graw Hill Education','1900-01-01','','987-1-259-07299-4.',0,1,0,'','MAE101'),(25,'Linear Algebra with Applications','W. Keith Nicholson','Lyryx Online Resources','2021-01-01','2021-A','',1,0,1,'https://lyryx.com/linear-algebra-applications/','MAE101'),(26,'Foundations of Programming Using C','Evan Weaver','2003','1900-01-01','','',1,1,0,'','PRF192'),(27,'BTP100: http://cs.senecac.on.ca/~btp100/pages/welco.html','','','1900-01-01','','',0,0,1,'','PRF192'),(28,'FU Presentation Powerpoints (.zip)','','','1900-01-01','','',0,0,0,'','PRF192'),(29,'FU CMS at http://cms.fpt.edu.vn .','','','1900-01-01','','',0,0,1,'','PRF192'),(30,'https://www.coursera.org/specializations/academic-skills','','Coursera','1900-01-01','','',1,0,1,'SPEC: Academic Skills for University Success Specialization','SSL101c'),(31,'https://www.coursera.org/learn/digital-literacy','','Coursera','1900-01-01','','',1,0,1,'MOOC 01: Introduction to Information & Digital Literacy for University Success','SSL101c'),(32,'https://www.coursera.org/learn/problem-solving-skills','','Coursera','1900-01-01','','',1,0,1,'MOOC 02: Introduction to Problem-Solving Skill for University Success','SSL101c'),(33,'https://www.coursera.org/learn/critical-thinking-skills','','Coursera','1900-01-01','','',1,0,1,'MOOC 03: Critical Thinking Skills for University Success','SSL101c'),(34,'https://www.coursera.org/learn/communication-skills','','Coursera','1900-01-01','','',1,0,1,'MOOC 04: Communication Skills for University Success','SSL101c'),(35,'https://www.coursera.org/learn/academic-skills-project','','Coursera','1900-01-01','','',1,0,1,'MOOC 05: Academic Skills for University Success: Capstone','SSL101c'),(36,'Discrete Mathematics and its applications','Kenneth Rosen','Mc.Graw Hill, IE','2007-01-01','Ed.7 (or 6)','978-0073383095',1,1,0,'','MAD101'),(37,'Teaching Suggestion and Applications of Discrete Mathematics for ST1 (TS)','','','1900-01-01','','',0,0,0,'','MAD101'),(38,'Testbank for ST1','','','1900-01-01','','',0,0,0,'','MAD101'),(39,'Powerpoint image in CD + Powerpoint prepared by previous lecturers (PP)','','','1900-01-01','','',0,0,0,'','MAD101'),(40,'Computerized tools (for example C programming tools, Maxima http://maxima.sourceforge.net/) (CT)','','','1900-01-01','','',0,0,0,'','MAD101'),(41,'Adam Drozdek. Data structure and Algorithms in Java. 3rd Edition.','','','1900-01-01','','',0,1,0,'','MAD101'),(42,'https://www.coursera.org/specializations/computer-communications','','Coursera','1900-01-01','','',1,0,1,'SPEC: Computer Communications Specialization','NWC203c'),(43,'https://learner.coursera.help/hc/en-us/articles/208280036-Coursera-Code-of-Conduct','','Coursera','1900-01-01','','',0,0,1,'Help Articles','NWC203c'),(44,'https://www.coursera.org/learn/fundamentals-network-communications?specialization=computer-communications','','Coursera','1900-01-01','','',1,0,1,'MOOC 1: Fundamentals of Network Communication','NWC203c'),(45,'https://www.coursera.org/learn/peer-to-peer-protocols-local-area-networks?specialization=computer-communications','','Coursera','1900-01-01','','',1,0,1,'MOOC 2: Peer-to-Peer Protocols and Local Area Networks','NWC203c'),(46,'https://www.coursera.org/learn/packet-switching-networks-algorithms?specialization=computer-communications','','Coursera','1900-01-01','','',1,0,1,'MOOC 3: Packet Switching Networks and Algorithms','NWC203c'),(47,'https://www.coursera.org/learn/tcp-ip-advanced?specialization=computer-communications','','Coursera','1900-01-01','','',1,0,1,'MOOC 4: TCP/IP and Advanced Topics','NWC203c'),(48,'Modern Operating Systems (4th edition or 3rd or 2nd)','Andrew S. Tanenbaum','Pearson','2014-01-01','4th or 3rd or 2nd','9781292061429 or 9780133591620 (4th Edition)',1,1,0,'','OSG202'),(49,'Course slides (.pptx)','','','1900-01-01','','',0,0,0,'','OSG202'),(50,'Understanding operating systems','Ann McIver McHoes and Ida M. Flynn','Cengage Learning','2008-01-01','8th','978-1305674257',0,1,0,'','OSG202'),(51,'http://courses.knox.edu/cs226/','','','1900-01-01','','',0,0,1,'','OSG202'),(52,'Connecting with Computer Science','Creg Anderson, David Ferrro, Robert Hilbon','Thomson course Technology','2010-01-01','2nd Edition','978-1439080351',0,1,0,'','OSG202'),(53,'Java 8 Specification https://docs.oracle.com/javase/specs/jvms/se8/html/jvms-1.html#jvms-1.1','','','1900-01-01','','',0,0,1,'','PRO192'),(54,'Core Java, Volum 1: Fundamentals','Cay Horstmann','Pearson','2018-01-01','11th','978-0135166307',0,1,0,'','PRO192'),(55,'Core Java, Volum 2: Advanced features','Cay Horstmann','Pearson','2019-01-01','11th','978-0135166314',0,1,0,'','PRO192'),(56,'Object-Oriented Programming using Java (website (offline): Học liệu do FU biên soạn)','','','1900-01-01','','',1,0,0,'','PRO192'),(57,'Problem Solving in Teams and Groups','Cameron W. Piercy','University of Kansas Libraries','2019-01-01','','',1,0,1,'https://open.umn.edu/opentextbooks/textbooks/problem-solving-in-teams-and-groups','SSG104'),(58,'College Success','N/A','Lumen Learning courseware','1900-01-01','','',1,0,1,'https://courses.lumenlearning.com/lumencollegesuccessxtraining2/ or https://courses.lumenlearning.com/lumencollegesuccessxtraining/','SSG104'),(59,'Business communication for success','N/A','University of Minnesota i','2015-01-01','2th','',1,0,1,'https://www.oercommons.org/courses/basics-of-written-business-communication/view','SSG104'),(60,'Working in group 7th ed.','','Pearson','2017-01-01','','',0,1,0,'','SSG104'),(61,'Business communication 7th ed.','','Thomson-South Western','2008-01-01','','',0,1,0,'','SSG104'),(62,'PowerPoint Slides','','','1900-01-01','','',0,0,0,'','SSG104'),(63,'Michaelt T. Goodrich, Roberto Tamassia, Michael H. Goldwasser: Data Structures and Algorithms in Java, 6th Edition, 2014 (ebook) Link to the book: http://coltech.vnu.edu.vn/~sonpb/DSA/Data%20Structures%20and%20Algorithms%20in%20Java,%206th%20Edition,%202014.pdf','Michaelt T. Goodrich, Roberto Tamassia, Michael H. Goldwasser','Wiley','2014-01-01','6th','978-1-118-77133-4',1,0,1,'','CSD201'),(64,'FU slides (ppt)','','','1900-01-01','','',0,0,0,'','CSD201'),(65,'FU exercises (pdf)','','','1900-01-01','','',0,0,0,'','CSD201'),(66,'Code files for students (java files)','','','1900-01-01','','',0,0,0,'','CSD201'),(67,'FU CMS at http://cms.fpt.edu.vn.','','','1900-01-01','','',0,0,1,'','CSD201'),(68,'First Course in Database Systems','Jeffrey D. Ullman, Jennifer Widom','Pearson','2008-01-01','Third edition','9781292025827 or 9780136006374',1,1,0,'','DBI202'),(69,'Database Management System','Raghu ramakrishnan','Mc Graw-Hill','1900-01-01','Third edition','978-8131769591',0,1,0,'','DBI202'),(70,'Database Management System (DBMS): A Practical Approach','Rajiv Chopra','SChand Publications','1900-01-01','','9788121932455',0,1,0,'','DBI202'),(71,'Course slides (.pptx)','','','1900-01-01','','',0,0,0,'','DBI202'),(72,'Labs & assignment','','','1900-01-01','','',0,0,0,'','DBI202'),(73,'Dekiru Nihongo - Beginner Main textbook','できる日本語教材開発プロジェクト','','1900-01-01','','',1,1,0,'Giáo trình Dekiru quyển đỏ nhà trường đã có bản quyền','JPD113'),(74,'Dekiru Nihongo - Beginner Grammar Workbook Vocabulary Workbook','できる日本語教材開発プロジェクト','','1900-01-01','','',0,0,0,'','JPD113'),(75,'Kana Nyuumon (Nhập môn Kana)','Japan Foundation','','1900-01-01','','',0,0,0,'','JPD113'),(76,'Kanji Tamago','できる日本語教材開発プロジェクト','','1900-01-01','','',0,1,0,'','JPD113'),(77,'Slide bài giảng do giảng viên cung cấp','','','1900-01-01','','',0,0,0,'','JPD113'),(78,'Lab Room Regulations (For Students)','','','1900-01-01','','',1,0,0,'Bản mềm do FU biên soạn','LAB211'),(79,'Mentor guide For Lab (For Mentors only)','','','1900-01-01','','',1,0,0,'Bản mềm do FU biên soạn','LAB211'),(80,'Evaluation Templates (For Mentors only)','','','1900-01-01','','',1,0,0,'Bản mềm do FU biên soạn','LAB211'),(81,'https://learner.coursera.help/hc/en-us/articles/208280036-Coursera-Code-of-Conduct','','Coursera','1900-01-01','','',0,0,1,'','WED201c'),(82,'https://www.coursera.org/learn/html/home/welcome','','Coursera','1900-01-01','','',1,0,1,'MOOC 1: Introduction to HTML5','WED201c'),(83,'https://www.coursera.org/learn/introcss/home/welcome','','Coursera','1900-01-01','','',1,0,1,'MOOC 2: Introduction to CSS3','WED201c'),(84,'https://www.coursera.org/learn/javascript/home/welcome','','Coursera','1900-01-01','','',1,0,1,'MOOC 3: Interactivity with JavaScript','WED201c'),(85,'https://www.coursera.org/learn/responsivedesign/home/welcome','','Coursera','1900-01-01','','',1,0,1,'MOOC 4: Advanced Styling with Responsive Design','WED201c'),(86,'https://www.coursera.org/learn/web-design-project/home/welcome','','Coursera','1900-01-01','','',1,0,1,'MOOC 5: Web Design for Everybody Capstone','WED201c'),(87,'https://www.coursera.org/specializations/web-design; University of Michigan','','Coursera','1900-01-01','','',1,0,1,'SPEC: Web Design for Everybody: Basics of Web Development & Coding','WED201c'),(88,'Course from Edx: https://learning.edx.org/course/course-v1:CurtinX+IOT1x+2T2018/home','','','1900-01-01','','',1,0,1,'','IOT102'),(89,'Course from Edx: https://learning.edx.org/course/course-v1:CurtinX+IOT2x+2T2018/home','','','1900-01-01','','',1,0,1,'','IOT102'),(90,'Free Hardware and IoT Ebooks_ OReilly Media','','','1900-01-01','','',0,0,0,'','IOT102'),(91,'Introduction to Arduino A piece of cake! by Alan G. Smith September 30, 2011 free at: http://www.introtoarduino.com','','','1900-01-01','','',0,0,1,'','IOT102'),(92,'Documents at https://www.arduino.cc/','','','1900-01-01','','',0,0,1,'','IOT102'),(93,'Instructables.com - 20 Unbelievable Arduino Projects','','','1900-01-01','','',0,0,1,'','IOT102'),(94,'Slides','','','1900-01-01','','',1,0,0,'','IOT102'),(95,'Tutorials','','','1900-01-01','','',1,0,0,'','IOT102'),(96,'Video','','','1900-01-01','','',1,0,0,'','IOT102'),(97,'Electronics component list','','','1900-01-01','','',1,0,0,'','IOT102'),(98,'『できる日本語　初級　本冊』','嶋田和子','アルク','2011-01-01','','ISBN-10 : 4757419775ISBN-13 : 978-4757419773',0,1,0,'Giáo trình Dekiru quyển đỏ nhà trường đã có bản quyền','JPD123'),(99,'『わたしの文法ノート 初級 (できる日本語)』','嶋田和子','凡人社','2011-01-01','','ISBN-10 : 489358801XISBN-13 : 978-4893588012',0,1,0,'','JPD123'),(100,'『わたしのことばノート 初級 (できる日本語)』','嶋田 和子','凡人社','2012-01-01','','ISBN-10 : 4893588117ISBN-13 : 978-4893588111',0,1,0,'','JPD123'),(101,'漢字たまご 初級','有山優樹 (著), 落合知春 (著), 立原雅子 (著), 林英子 (著), 山口知才子 (著), 酒井弘美 (イラスト), 嶋田和子 (監修)','凡人社','2012-01-01','','ISBN-10 : 4893588311ISBN-13 : 978-4893588319',0,1,0,'','JPD123'),(102,'Slide bài giảng do giảng viên cung cấp','','','1900-01-01','','',0,0,0,'','JPD123'),(103,'Main materials: 1) Montgomery D.C. & Runger G.C., Applied Statistics and Probability for Engineers','John Wiley & Sons.','Wiley','2006-01-01','4th (or 5th or 6th) ed.,','9781119718871',1,1,0,'','MAS291'),(104,'Powerpoint slides (PP).','','','1900-01-01','','',0,0,0,'','MAS291'),(105,'Computerized tools (for example Excel and DDXL add-ons) (CT)','','','1900-01-01','','',0,0,0,'','MAS291'),(106,'Elementary Statistics Using Excel, 3/E,','Mario F. Triola','Addison-Wesley','2002-01-01','3rd','321365135',0,1,0,'','MAS291'),(107,'Text book 1: Professional Java® forWebApplications Link: http://library.books24x7.com/toc.aspx?bookid=62587','Nicholas S. Williams','Wrox','1900-01-01','1st edition','978-1118656464',1,0,1,'','PRJ301'),(108,'Article 1: http://docs.oracle.com/javase/tutorial/JDBC','','','1900-01-01','','',0,0,1,'','PRJ301'),(109,'Article 2: https://docs.oracle.com/cd/B14099_19/web.1012/b14017/filters.htm','','','1900-01-01','','',0,0,1,'','PRJ301'),(110,'https://learner.coursera.help/hc/en-us/articles/208280036-Coursera-Code-of-Conduct','','Coursera','1900-01-01','','',0,0,1,'','SWE201c'),(111,'https://www.coursera.org/learn/software-processes','','Coursera','1900-01-01','','',1,0,1,'MOOC 01: Software Development Processes and Methodologies','SWE201c'),(112,'https://www.coursera.org/learn/agile-software-development','','Coursera','1900-01-01','','',1,0,1,'MOOC 02: Agile Software Development','SWE201c'),(113,'https://www.coursera.org/learn/lean-software-development','','Coursera','1900-01-01','','',1,0,1,'MOOC 03: Lean Software Development','SWE201c'),(114,'https://www.coursera.org/learn/engineering-practices-secure-software-quality','','Coursera','1900-01-01','','',1,0,1,'MOOC 04: Engineering Practices for Building Quality Software','SWE201c'),(115,'https://www.coursera.org/specializations/software-development-lifecycle','','Coursera','1900-01-01','','',1,0,1,'SPEC: Software Development Lifecycle','SWE201c'),(116,'https://learner.coursera.help/hc/en-us/articles/208280036-Coursera-Code-of-Conduct','','Coursera','1900-01-01','','',0,0,1,'','ITE302c'),(117,'https://www.coursera.org/learn/promote-ethical-data-driven-technologies','','Coursera','1900-01-01','','',1,0,1,'MOOC 1: Promote the Ethical Use of Data-Driven Technologies','ITE302c'),(118,'https://www.coursera.org/learn/ethical-frameworks-action','','Coursera','1900-01-01','','',1,0,1,'MOOC 2: Turn Ethical Frameworks into Actionable Steps','ITE302c'),(119,'https://www.coursera.org/learn/detect-mitigate-ethical-risks','','Coursera','1900-01-01','','',1,0,1,'MOOC 3: Detect and Mitigate Ethical Risks','ITE302c'),(120,'https://www.coursera.org/learn/ethical-communication-data-driven-technologies','','Coursera','1900-01-01','','',1,0,1,'MOOC 4: Communicate Effectively about Ethical Challenges in Data-Driven Technologies','ITE302c'),(121,'https://www.coursera.org/learn/ethical-data-driven-technology-leader','','Coursera','1900-01-01','','',1,0,1,'MOOC 5: Create and Lead an Ethical Data-Driven Organization','ITE302c'),(122,'https://www.coursera.org/learn/preparing-for-your-certnexus-certification-exam','','Coursera','1900-01-01','','',1,0,1,'MOOC 6: Preparing for Your CertNexus Certification Exam','ITE302c'),(123,'https://www.coursera.org/specializations/certified-ethical-emerging-technologist','','Coursera','1900-01-01','','',1,0,1,'SPEC: CertNexus Certified Ethical Emerging Technologist Professional Certificate','ITE302c'),(124,'Guides & Templates (for Students & Teachers)','','','1900-01-01','','',1,0,0,'Bản mềm do FU biên soạn','SWP391'),(125,'Learn HTML and CSS with W3Schools (https://www.w3schools.com/)','','','1900-01-01','','',0,0,1,'','SWP391'),(126,'Murach\'s Java Servlets and JSP','Joel Murach, Michael Urban','Mike Murach & Associates','2014-01-01','3rd Edition','978-1890774783',0,1,0,'','SWP391'),(127,'SQL for MySQL Developers A Comprehensive Tutorial and Reference','Rick F. van der Lans','Addison-Wesley Professional','2007-01-01','1st edition','978-0131497351',0,1,0,'','SWP391'),(128,'Software Requirements','Karl E. Wiegers','Microsoft Press','1900-01-01','Third Edition','978-0-7356-7966-5',1,1,0,'','SWR302'),(129,'More About Software Requirements: Thorny Issues and Practical Advice','Karl E. Wiegers','Microsoft Press','1900-01-01','','978-0-7356-2267-8',0,1,0,'','SWR302'),(130,'The Software Requirements Memory Jogger: A Pocket Guide to Help Software And Business Teams Develop and Manage Requirements','Ellen Gottesdiener','GOAL/QPC','1900-01-01','','978-1-57681-060-6',0,1,0,'','SWR302'),(131,'Requirements Engineering: Secure Software Specifications Specialization','','Coursera','1900-01-01','','',0,0,1,'https://www.coursera.org/specializations/requirements-engineering-secure-software','SWR302'),(132,'Foundations of Software Testing: ISTQB Certification','Dorothy Graham, Erik van Veenendaal, Isabel Evans,Rex Black','Cengage Learning Business Press','2008-01-01','','978-1-84480-355-2',1,0,1,'Books24x7, https://library.books24x7.com/toc.aspx?bookid=26179','SWT301'),(133,'https://cmshn.fpt.edu.vn/','','','1900-01-01','','',0,0,1,'','SWT301'),(134,'Foundations of software testing istqb certification','','','1900-01-01','','',0,0,0,'','SWT301'),(135,'Software Quality Engineering: Testing, Quality assurance, and Quantifiable Improvement. Jeff Tian','','','1900-01-01','','',0,0,0,'','SWT301'),(136,'Course Software Testing and Quality Assurance by Tian in http://engr.smu.edu/~tian/class/7314.06f/syl.html (availble in FU library)','','','1900-01-01','','',0,0,1,'','SWT301'),(137,'Ian Sommerville. Software Engineering 8e. Part 5: Verification and Validation.','','','1900-01-01','','',0,0,0,'','SWT301'),(138,'Towards Zero Defect Software: The Cleanroom Approach. Mario A. Nascimento, Mario A. Nascimento, Murat M. Tanik, Murat M. Tanik. 1994. Available at http://www.cnptia.embrapa.br/~mario/Papers/tr-94-cse-31.ps.gz','','','1900-01-01','','',0,0,0,'','SWT301'),(139,'Computer Software Validation. Alan Muirhead. News & Views, March 2000. Available at http://www.stcpmc.org/archive/archive/n&v/feat0300.html','','','1900-01-01','','',0,0,1,'','SWT301'),(140,'Agile Testing: A Practical Guide for Testers and Agile Teams','Lisa Crispin,Janet Gregory','','1900-01-01','','978-0321534460',0,1,0,'','SWT301'),(141,'https://www.coursera.org/specializations/academic-english','','Coursera','1900-01-01','','',1,0,1,'SPEC: Academic English: Writing Specialization','ENW492c'),(142,'https://www.coursera.org/learn/grammar-punctuation','','Coursera','1900-01-01','','',1,0,1,'MOOC 01: Grammar and Punctuation','ENW492c'),(143,'https://www.coursera.org/learn/getting-started-with-essay-writing','','Coursera','1900-01-01','','',1,0,1,'MOOC 02: Getting Started with Essay Writing','ENW492c'),(144,'https://www.coursera.org/learn/advanced-writing','','Coursera','1900-01-01','','',1,0,1,'MOOC 03: Advanced Writing','ENW492c'),(145,'https://www.coursera.org/learn/introduction-to-research-for-essay-writing','','Coursera','1900-01-01','','',1,0,1,'MOOC 04: Introduction to Research for Essay Writing','ENW492c'),(146,'https://www.coursera.org/learn/academic-writing-capstone','','Coursera','1900-01-01','','',1,1,1,'MOOC 05: Project: Writing a Research Paper','ENW492c'),(147,'Hướng dẫn quản lý thực tập (07.04PL - HDCV Quan ly thuc tap) Guideline for internship management (07.04PL - HDCV Quan ly thuc tap)','','','1900-01-01','','',1,1,0,'Internal material, self-documented FPTU','OJT202'),(148,'Phiếu khảo sát doanh nghiệp về sinh viên thực tập (07.16BMĐHFE10- Khảo sát doanh nghiệp về sinh viên thực tập) Business survey on student interns','','','1900-01-01','','',1,1,0,'Internal material, self-documented FPTU','OJT202'),(149,'Phiếu Khảo sát sinh viên về kỳ thực tập (07.17BMĐHFE10- Khao sat sinh vien ve ky thuc tap) Student survey on the internship','','','1900-01-01','','',1,1,0,'Internal material, self-documented FPTU','OJT202'),(150,'Phiếu đánh giá sinh viên kỳ OJT Evaluation of the students\' OJT performance','','','1900-01-01','','',1,1,0,'Internal material, self-documented FPTU','OJT202'),(151,'Google Android developer reference site (http://developer.android.com/resources/tutorials/hello-world.html)','Google','Google','1900-01-01','N/A','',1,0,1,'','PRM392'),(152,'https://google-developer-training.github.io/android-developer-fundamentals-course-concepts-v2/','Google','Google','2018-01-01','2nd','',0,0,1,'','PRM392'),(153,'Course slides (.pptx)','','','1900-01-01','','',0,0,0,'Bản mềm, tài liệu xây dựng bởi FU','PRM392'),(154,'Software Modeling and Design: UML, Use Cases, Patterns, and Software Architectures','H. Gomaa','Cambridge University Press','2011-01-01','1st Edition','9780521764148',1,1,0,'Books24x7, https://library.books24x7.com/toc.aspx?bookid=41618','SWD392'),(155,'UML Distilled: Applying the Standard Object Modeling Language','Fowler','Addison-Wesley','2004-01-01','3rd edition','978-0321193681',0,1,0,'','SWD392'),(156,'https://gmu.blackboard.com/webct/','','','1900-01-01','','',0,0,1,'','SWD392'),(157,'Giáo trình Triết học Mác-Lênin, dùng cho sinh viên đại học hệ không chuyên lý luận chính trị Philosophy of Marxism – Leninism textbook for non-politics majored students','Bộ Giáo dục và Đào tạoMinistry of Education and Training','Nhà xuất bản Chính trị quốc gia sự thậtTruth National Political Publishing House','2021-01-01','1','',1,0,1,'','MLN111'),(158,'Giáo trình Triết học Mác-Lênin, dùng cho sinh viên đại học hệ chuyên lý luận chính trị Philosophy of Marxism – Leninism textbook for politics majored students','Bộ Giáo dục và Đào tạoMinistry of Education and Training','Nhà xuất bản Chính trị quốc gia sự thậtTruth National Political Publishing House','2021-01-01','1','',0,1,0,'','MLN111'),(159,'Giáo trình Triết học Mác-Lênin Philosophy of Marxism – Leninism textbook','Bộ Giáo dục và Đào tạoMinistry of Education and Training','Nhà xuất bản Chính trị quốc giaNational Political Publishing House','2010-01-01','','',0,1,0,'','MLN111'),(160,'C. Mác và Ph. Ăngghen: Toàn tập Marx/Engels Collected Works','C. Mác và Ph. Ăngghen','Nhà xuất bản Chính trị quốc giaNational Political Publishing House','1995-01-01','1','',0,1,0,'','MLN111'),(161,'V.I. Lênnin: Toàn tập Selected works [of] V. I. Lenin','V.I. Lênnin','Nhà xuất bản Chính trị quốc giaNational Political Publishing House','2005-01-01','1','',0,1,0,'','MLN111'),(162,'Giáo trình Triết học Mác-Lênin Philosophy of Marxism – Leninism textbook','Bộ Giáo dục và Đào tạoMinistry of Education and Training','Nhà xuất bản Chính trị quốc giaNational Political Publishing House','1999-01-01','','',0,1,0,'','MLN111'),(163,'Giáo trình Kinh tế chính trị Mác-Lênin, dùng cho sinh viên đại học hệ không chuyên lý luận chính trị Political economics of Marxism – Leninism textbook for non-politics majored students','Bộ Giáo dục và Đào tạoMinistry of Education and Training','Nhà xuất bản Chính trị quốc gia sự thậtTruth National Political Publishing House','2021-01-01','1','',0,0,0,'Giáo trình có thể download bản mềm tại:(Textbook can be downloaded at)https://moet.gov.vn/van-ban/vbdh/Pages/chi-tiet-van-ban.aspx?ItemID=2729#divShowDialogDownload. Thư viện chỉ đặt mua số lượng ít.','MLN122'),(164,'Giáo trình Kinh tế chính trị Mác - Leenin, dùng cho sinh viên đại học hệ chuyên lý luận chính trị Political economics of Marxism – Leninism textbook for politics majored students','Bộ Giáo dục và Đào tạoMinistry of Education and Training','Nhà xuất bản Chính trị quốc gia sự thậtTruth National Political Publishing House','2021-01-01','1','',0,0,0,'','MLN122'),(165,'Văn kiện Đại hội Đảng toàn quốc lần thứ VI, VII, VIII, IX, X, XI, XII, XIII Political report of the 6th, 7th, 8th, 9th, 10th, 11th, 12th, 13th Party Congress The Communist Party of Vietnam The Communist Party of Vietnam','Đảng Cộng sản Việt Nam','Nhà xuất bản Chính trị quốc gia National Political Publishing House','1900-01-01','1','',0,0,0,'','MLN122'),(166,'C. Mác và Ph. Ăngghen: Toàn tập, t4,8,12,13, 18 ,20, 23, 25, 46 Marx/Engels Collected Works, Vol. 4, 8, 12,13, 18 ,20, 23, 25, 46','C. Mác và Ph. Ăngghen','Nhà xuất bản Chính trị quốc giaNational Political Publishing House','2002-01-01','1','',0,0,0,'','MLN122'),(167,'V.I. Lênnin: Toàn tập, t3, 27, 45 V. I. Lenin, Collected Works, Vol. 3, 27, 45','V.I. Lênnin','Nhà xuất bản Chính trị quốc giaNational Political Publishing House','2005-01-01','','',0,0,0,'','MLN122'),(168,'https://learner.coursera.help/hc/en-us/articles/208280036-Coursera-Code-of-Conduct','','Coursera','1900-01-01','','',0,0,1,'','PMG202c'),(169,'https://www.coursera.org/learn/project-management-foundations','','Coursera','1900-01-01','','',1,0,1,'MOOC 1: Foundations of Project Management','PMG202c'),(170,'https://www.coursera.org/learn/project-initiation-google','','Coursera','1900-01-01','','',1,0,1,'MOOC 2: Project Initiation: Starting a Successful Project','PMG202c'),(171,'https://www.coursera.org/learn/project-planning-google','','Coursera','1900-01-01','','',1,0,1,'MOOC 3: Project Planning: Putting It All Together','PMG202c'),(172,'https://www.coursera.org/learn/project-execution-google','','Coursera','1900-01-01','','',1,0,1,'MOOC 4: Project Execution: Running the Project','PMG202c'),(173,'https://www.coursera.org/learn/agile-project-management','','Coursera','1900-01-01','','',1,0,1,'MOOC 5: Agile Project Management','PMG202c'),(174,'https://www.coursera.org/learn/applying-project-management','','Coursera','1900-01-01','','',1,0,1,'MOOC 6: Capstone: Applying Project Management in the Real World','PMG202c'),(175,'https://www.coursera.org/professional-certificates/google-project-management','','Coursera','1900-01-01','','',1,0,1,'SPEC: Google Project Management: Professional Certificate','PMG202c'),(176,'The Project Management Body of Knowledge (PMBOK Guide)','','','1900-01-01','5th','',0,0,0,'PMI','PMG202c'),(177,'ITPM: Information Technology Project Management','Kathy Schwalbe','Cengage Learning','1900-01-01','8th','',0,0,0,'','PMG202c'),(178,'The Scrum Guide (https://scrum.org)','','','1900-01-01','','',0,0,1,'','PMG202c'),(179,'https://learner.coursera.help/hc/en-us/articles/208280036-Coursera-Code-of-Conduct','','Coursera','1900-01-01','','',0,0,1,'','WDU203c'),(180,'https://www.coursera.org/learn/introtoux-principles-and-processes','','','1900-01-01','','',1,0,1,'MOOC 1: Introduction to User Experience Principles and Processes','WDU203c'),(181,'https://www.coursera.org/learn/understanding-user-needs','','','1900-01-01','','',1,0,1,'MOOC 2: Understanding User Needs','WDU203c'),(182,'https://www.coursera.org/learn/evaluating-designs-with-users','','','1900-01-01','','',1,0,1,'MOOC 3: Evaluating Designs with Users','WDU203c'),(183,'https://www.coursera.org/learn/ux-design-concept-wireframe','','','1900-01-01','','',1,0,1,'MOOC 4: UX Design: From Concept to Prototype','WDU203c'),(184,'https://www.coursera.org/learn/ux-research-at-scale','','','1900-01-01','','',1,0,1,'MOOC 5: UX Research at Scale: Surveys, Analytics, Online Testing','WDU203c'),(185,'https://www.coursera.org/learn/user-experience-capstone','','','1900-01-01','','',1,0,1,'MOOC 6: UX (User Experience) Capstone','WDU203c'),(186,'https://www.coursera.org/specializations/michiganux','','','1900-01-01','','',1,0,1,'SPEC: User Experience Research and Design','WDU203c'),(187,'Giáo trình Tư tưởng Hồ Chí Minh, dùng cho sinh viên bậc đại học hệ không chuyên ngành lý luận chính trị<br>Ho Chi Minh ideology textbook for non-politics majored students','Bộ Giáo dục và Đào tạoMinistry of Education and Training','Nhà xuất bản Chính trị quốc gia sự thậtTruth National Political Publishing House','2021-01-01','1','',1,0,1,'Giáo trình có thể download bản mềm tại:(Textbook can be downloaded at)https://moet.gov.vn/van-ban/vbdh/Pages/chi-tiet-van-ban.aspx?ItemID=2729#divShowDialogDownload. Thư viện chỉ đặt mua bản cứng số lượng ít.','HCM202'),(188,'Giáo trình Tư tưởng Hồ Chí Minh, dùng cho sinh viên bậc đại học hệ chuyên ngành lý luận chính trị<br>Ho Chi Minh ideology textbook for politics majored students','Bộ Giáo dục và Đào tạoMinistry of Education and Training','Nhà xuất bản Chính trị quốc gia sự thậtTruth National Political Publishing House','2021-01-01','1','',0,1,0,'','HCM202'),(189,'Hồ Chí Minh toàn tập<br>The Selected Works of Ho Chi Minh<br> Ho Chi Minh','Hồ Chí Minh','Nhà xuất bản Chính trị quốc gia','2021-01-01','1','',0,0,1,'','HCM202'),(190,'Hồ Chí Minh a life','William J. Duiker','Nhà xuất bản Hyperion, New York Hyperion Publishing, New York','2000-01-01','1','',0,0,1,'','HCM202'),(191,'Giáo trình Chủ nghĩa xã hội khoa học, dùng cho sinh viên đại học hệ không chuyên lý luận chính trị<br>Scientific socialism textbook for non-politics majored students','Bộ Giáo dục và Đào tạoMinistry of Education and Training','Nhà xuất bản Chính trị quốc gia sự thậtTruth National Political Publishing House','2021-01-01','1','',1,0,1,'','MLN131'),(192,'Giáo trình Chủ nghĩa xã hội khoa học, dùng cho sinh viên đại học hệ chuyên lý luận chính trị<br>Scientific socialism textbook for politics majored students','Bộ Giáo dục và Đào tạoMinistry of Education and Training','Nhà xuất bản Chính trị quốc gia sự thậtTruth National Political Publishing House','2021-01-01','1','',0,1,0,'','MLN131'),(193,'Giáo trình Chủ nghĩa xã hội khoa học<br>Scientific socialism textbook','Bộ Giáo dục và Đào tạoMinistry of Education and Training','Vietnam Education Publishing House','2006-01-01','','',0,1,0,'','MLN131'),(194,'C. Mác và Ph. Ăngghen: Toàn tập<br>Marx/Engels Collected Works','C. Mác và Ph. Ăngghen','Nhà xuất bản Chính trị quốc giaNational Political Publishing House','2004-01-01','1','',0,1,0,'','MLN131'),(195,'V.I. Lênnin: Toàn tập<br>Selected works [of] V. I. Lenin','V.I. Lênnin','Nhà xuất bản Chính trị quốc giaNational Political Publishing House','2005-01-01','1','',0,1,0,'','MLN131'),(196,'The Student’s Guide of Capstone Project (CPro_StudentGuide_IS_2021Fall)','','','1900-01-01','','',1,0,0,'Bản mềm, tài liệu xây dựng bởi FU','SEP490'),(197,'Graduated Regulation (Quy che tot nghiep)','','','1900-01-01','','',1,0,0,'Bản mềm, tài liệu xây dựng bởi FU','SEP490'),(198,'Project Templates (on CMS)','','','1900-01-01','','',1,0,0,'Bản mềm, tài liệu xây dựng bởi FU','SEP490'),(199,'Giáo trình Lịch sử Đảng Cộng sản Việt Nam (Dành cho sinh viên đại học, cao đẳng khối không chuyên ngành Mác – Lênin, tư tưởng Hồ Chí Minh)<br>History of CPV textbook for students whose major is not Marxism-Leninism and Ho Chi Minh ideology','Bộ Giáo dục và Đào tạoMinistry of Education and Training','Nhà xuất bản Chính trị quốc gia sự thậtTruth National Political Publishing House','2021-01-01','1','',1,0,1,'Giáo trình có thể download bản mềm tại:(Textbook can be downloaded at)https://moet.gov.vn/van-ban/vbdh/Pages/chi-tiet-van-ban.aspx?ItemID=2729#divShowDialogDownload. Thư viện chỉ đặt mua bản cứng số lượng ít.','VNR202'),(200,'Giáo trình Lịch sử Đảng Cộng sản Việt Nam (Dành cho sinh viên đại học, cao đẳng chuyên ngành Mác – Lênin, tư tưởng Hồ Chí Minh)<br>History of CPV textbook for students whose major is Marxism-Leninism and Ho Chi Minh ideology','Bộ Giáo dục và Đào tạoMinistry of Education and Training','Nhà xuất bản Chính trị quốc gia sự thậtTruth National Political Publishing House','2021-01-01','1','',0,1,0,'','VNR202'),(201,'Hồ Chí Minh toàn tập, tập 1 đến tập 15<br>The Selected Works of Ho Chi Minh, Vol. 1 to 5','Hồ Chí Minh','Nhà xuất bản Chính trị quốc gia National Political Publishing House','2011-01-01','1','',0,0,1,'','VNR202'),(202,'Lịch sử Đảng Cộng sản Việt Nam, tập 1<br>History of the Communist Party of Vietnam, Vol. 1','Institute of History','Nhà xuất bản Chính trị quốc gia National Political Publishing House','2018-01-01','1','',0,0,1,'','VNR202'),(203,'Chiến tranh cách mạng Việt Nam 1945-1975, thắng lợi và bài học<br>Vietnamese Revolutionary War, 1945–1975: Victory and Lessons','Ban chỉ đạo tổng kết chiến tranh trực thuộc Bộ chính trị','Nhà xuất bản Chính trị quốc gia National Political Publishing House','2008-01-01','1','',0,0,1,'','VNR202'),(204,'Báo cáo tổng kết một số vấn đề lý luận thực tiễn qua 30 năm đổi mới<br>The final report on the summary of some theoretical-practical issues over the past 30 years of innovation','Đảng Cộng sản Việt Nam, Ban chấp hành Trung ương, Ban chỉ đạo tổng kết','Nhà xuất bản Chính trị quốc gia National Political Publishing House','2015-01-01','1','',0,0,1,'','VNR202'),(205,'Văn kiện Đại hội đại biểu toàn quốc lần thứ XII<br>Political report of the 13th Party Congress','Đảng Cộng sản Việt Nam','Nhà xuất bản Chính trị quốc gia National Political Publishing House','2016-01-01','1','',0,0,1,'','VNR202'),(206,'Introductory documents aout FPT Group and FPT University','','','1900-01-01','','',0,0,0,'','OTP101'),(207,'Hồi ký: Những điều đọng lại qua hai cuộc chiến tranh','','','1900-01-01','','',0,0,0,'','OTP101'),(208,'Hồi ký: Tổng hành dinh','','','1900-01-01','','',0,0,0,'','OTP101'),(209,'Computer Organization and Architecture: Design for Performance','William Stallings','Prentice Hall','2012-01-01','9th (or 10th)','978-0132936330 (9th), 978-0134101613 (10th)',1,1,0,'','CEA201'),(210,'Computer architecture : A quantitative approach','John L. Hennessy, David A Patterson','Morgan Kaufmann','1900-01-01','','',0,1,0,'','CEA201'),(211,'http://williamstallings.com/ComputerOrganization/COA9e-Instructor/','','','1900-01-01','','',0,0,1,'','CEA201'),(212,'http://williamstallings.com/ComputerOrganization/COA9e-student/','','','1900-01-01','','',0,0,1,'','CEA201'),(213,'PowerPoint Lecture Slides','','','1900-01-01','','',0,0,0,'','CEA201'),(214,'Instructor Solutions Manual','','','1900-01-01','','',0,0,0,'','CEA201'),(215,'Instructor Project Manual','','','1900-01-01','','',0,0,0,'','CEA201'),(216,'Test banks','','','1900-01-01','','',0,0,0,'','CEA201'),(217,'Foundations Of Computer Science','Behrouz Forouzan','Cengage','2017-01-01','4th','978-1-4737-5104-0',1,1,0,'','CSI104'),(218,'Fundamentals of Information Systems Security','','Jones & Bartlett','2016-01-01','3rd','',0,1,0,'','CSI104'),(219,'Computer architecture : A quantitative approach','John L. Hennessy, David A Patterson','Morgan Kaufmann','2011-01-01','5th','',0,1,0,'','CSI104'),(220,'Calculus 1','','','1900-01-01','','',1,0,1,'https://openstax.org/details/books/calculus-volume-1','MAE101'),(221,'Calculus 2','','','1900-01-01','','',1,0,1,'https://openstax.org/details/books/calculus-volume-2','MAE101'),(222,'powerpoint in CD + Powerpoint prepared by previous lecturers (PP).','','','1900-01-01','','',0,0,0,'','MAE101'),(223,'Student Video Skillbuilder in CD (Video).','','','1900-01-01','','',0,0,0,'','MAE101'),(224,'Animation in CD (Animation).','','','1900-01-01','','',0,0,0,'','MAE101'),(225,'Computerized tools (for example Maxima http://maxima.sourceforge.net/) (CT)','','','1900-01-01','','',0,0,0,'','MAE101'),(226,'Essential Calculus','James Stewart','Thomson Brooks/Cole','1900-01-01','','978-0-495-10860-3',0,0,0,'','MAE101'),(227,'Calculus for engineers','Donald Trim','Prentice Hall,','1900-01-01','','0-13-085603-7',0,0,0,'','MAE101'),(228,'Calculus','Stanley I. Grossman','','1900-01-01','','0-03-096420-2',0,0,0,'','MAE101'),(229,'Linear Algebra with applications','W.Keith Nicholson,','Mc Graw Hill Education','1900-01-01','','987-1-259-07299-4.',0,1,0,'','MAE101'),(230,'Linear Algebra with Applications','W. Keith Nicholson','Lyryx Online Resources','2021-01-01','2021-A','',1,0,1,'https://lyryx.com/linear-algebra-applications/','MAE101'),(231,'Foundations of Programming Using C','Evan Weaver','2003','1900-01-01','','',1,1,0,'','PRF192'),(232,'BTP100: http://cs.senecac.on.ca/~btp100/pages/welco.html','','','1900-01-01','','',0,0,1,'','PRF192'),(233,'FU Presentation Powerpoints (.zip)','','','1900-01-01','','',0,0,0,'','PRF192'),(234,'FU CMS at http://cms.fpt.edu.vn .','','','1900-01-01','','',0,0,1,'','PRF192'),(235,'https://www.coursera.org/specializations/academic-skills','','Coursera','1900-01-01','','',1,0,1,'SPEC: Academic Skills for University Success Specialization','SSL101c'),(236,'https://www.coursera.org/learn/digital-literacy','','Coursera','1900-01-01','','',1,0,1,'MOOC 01: Introduction to Information & Digital Literacy for University Success','SSL101c'),(237,'https://www.coursera.org/learn/problem-solving-skills','','Coursera','1900-01-01','','',1,0,1,'MOOC 02: Introduction to Problem-Solving Skill for University Success','SSL101c'),(238,'https://www.coursera.org/learn/critical-thinking-skills','','Coursera','1900-01-01','','',1,0,1,'MOOC 03: Critical Thinking Skills for University Success','SSL101c'),(239,'https://www.coursera.org/learn/communication-skills','','Coursera','1900-01-01','','',1,0,1,'MOOC 04: Communication Skills for University Success','SSL101c'),(240,'https://www.coursera.org/learn/academic-skills-project','','Coursera','1900-01-01','','',1,0,1,'MOOC 05: Academic Skills for University Success: Capstone','SSL101c'),(241,'Discrete Mathematics and its applications','Kenneth Rosen','Mc.Graw Hill, IE','2007-01-01','Ed.7 (or 6)','978-0073383095',1,1,0,'','MAD101'),(242,'Teaching Suggestion and Applications of Discrete Mathematics for ST1 (TS)','','','1900-01-01','','',0,0,0,'','MAD101'),(243,'Testbank for ST1','','','1900-01-01','','',0,0,0,'','MAD101'),(244,'Powerpoint image in CD + Powerpoint prepared by previous lecturers (PP)','','','1900-01-01','','',0,0,0,'','MAD101'),(245,'Computerized tools (for example C programming tools, Maxima http://maxima.sourceforge.net/) (CT)','','','1900-01-01','','',0,0,0,'','MAD101'),(246,'Adam Drozdek. Data structure and Algorithms in Java. 3rd Edition.','','','1900-01-01','','',0,1,0,'','MAD101'),(247,'https://www.coursera.org/specializations/computer-communications','','Coursera','1900-01-01','','',1,0,1,'SPEC: Computer Communications Specialization','NWC203c'),(248,'https://learner.coursera.help/hc/en-us/articles/208280036-Coursera-Code-of-Conduct','','Coursera','1900-01-01','','',0,0,1,'Help Articles','NWC203c'),(249,'https://www.coursera.org/learn/fundamentals-network-communications?specialization=computer-communications','','Coursera','1900-01-01','','',1,0,1,'MOOC 1: Fundamentals of Network Communication','NWC203c'),(250,'https://www.coursera.org/learn/peer-to-peer-protocols-local-area-networks?specialization=computer-communications','','Coursera','1900-01-01','','',1,0,1,'MOOC 2: Peer-to-Peer Protocols and Local Area Networks','NWC203c'),(251,'https://www.coursera.org/learn/packet-switching-networks-algorithms?specialization=computer-communications','','Coursera','1900-01-01','','',1,0,1,'MOOC 3: Packet Switching Networks and Algorithms','NWC203c'),(252,'https://www.coursera.org/learn/tcp-ip-advanced?specialization=computer-communications','','Coursera','1900-01-01','','',1,0,1,'MOOC 4: TCP/IP and Advanced Topics','NWC203c'),(253,'Modern Operating Systems (4th edition or 3rd or 2nd)','Andrew S. Tanenbaum','Pearson','2014-01-01','4th or 3rd or 2nd','9781292061429 or 9780133591620 (4th Edition)',1,1,0,'','OSG202'),(254,'Course slides (.pptx)','','','1900-01-01','','',0,0,0,'','OSG202'),(255,'Understanding operating systems','Ann McIver McHoes and Ida M. Flynn','Cengage Learning','2008-01-01','8th','978-1305674257',0,1,0,'','OSG202'),(256,'http://courses.knox.edu/cs226/','','','1900-01-01','','',0,0,1,'','OSG202'),(257,'Connecting with Computer Science','Creg Anderson, David Ferrro, Robert Hilbon','Thomson course Technology','2010-01-01','2nd Edition','978-1439080351',0,1,0,'','OSG202'),(258,'Java 8 Specification https://docs.oracle.com/javase/specs/jvms/se8/html/jvms-1.html#jvms-1.1','','','1900-01-01','','',0,0,1,'','PRO192'),(259,'Core Java, Volum 1: Fundamentals','Cay Horstmann','Pearson','2018-01-01','11th','978-0135166307',0,1,0,'','PRO192'),(260,'Core Java, Volum 2: Advanced features','Cay Horstmann','Pearson','2019-01-01','11th','978-0135166314',0,1,0,'','PRO192'),(261,'Object-Oriented Programming using Java (website (offline): Học liệu do FU biên soạn)','','','1900-01-01','','',1,0,0,'','PRO192'),(262,'Problem Solving in Teams and Groups','Cameron W. Piercy','University of Kansas Libraries','2019-01-01','','',1,0,1,'https://open.umn.edu/opentextbooks/textbooks/problem-solving-in-teams-and-groups','SSG104'),(263,'College Success','N/A','Lumen Learning courseware','1900-01-01','','',1,0,1,'https://courses.lumenlearning.com/lumencollegesuccessxtraining2/ or https://courses.lumenlearning.com/lumencollegesuccessxtraining/','SSG104'),(264,'Business communication for success','N/A','University of Minnesota i','2015-01-01','2th','',1,0,1,'https://www.oercommons.org/courses/basics-of-written-business-communication/view','SSG104'),(265,'Working in group 7th ed.','','Pearson','2017-01-01','','',0,1,0,'','SSG104'),(266,'Business communication 7th ed.','','Thomson-South Western','2008-01-01','','',0,1,0,'','SSG104'),(267,'PowerPoint Slides','','','1900-01-01','','',0,0,0,'','SSG104'),(268,'Michaelt T. Goodrich, Roberto Tamassia, Michael H. Goldwasser: Data Structures and Algorithms in Java, 6th Edition, 2014 (ebook) Link to the book: http://coltech.vnu.edu.vn/~sonpb/DSA/Data%20Structures%20and%20Algorithms%20in%20Java,%206th%20Edition,%202014.pdf','Michaelt T. Goodrich, Roberto Tamassia, Michael H. Goldwasser','Wiley','2014-01-01','6th','978-1-118-77133-4',1,0,1,'','CSD201'),(269,'FU slides (ppt)','','','1900-01-01','','',0,0,0,'','CSD201'),(270,'FU exercises (pdf)','','','1900-01-01','','',0,0,0,'','CSD201'),(271,'Code files for students (java files)','','','1900-01-01','','',0,0,0,'','CSD201'),(272,'FU CMS at http://cms.fpt.edu.vn.','','','1900-01-01','','',0,0,1,'','CSD201'),(273,'First Course in Database Systems','Jeffrey D. Ullman, Jennifer Widom','Pearson','2008-01-01','Third edition','9781292025827 or 9780136006374',1,1,0,'','DBI202'),(274,'Database Management System','Raghu ramakrishnan','Mc Graw-Hill','1900-01-01','Third edition','978-8131769591',0,1,0,'','DBI202'),(275,'Database Management System (DBMS): A Practical Approach','Rajiv Chopra','SChand Publications','1900-01-01','','9788121932455',0,1,0,'','DBI202'),(276,'Course slides (.pptx)','','','1900-01-01','','',0,0,0,'','DBI202'),(277,'Labs & assignment','','','1900-01-01','','',0,0,0,'','DBI202'),(278,'Dekiru Nihongo - Beginner Main textbook','できる日本語教材開発プロジェクト','','1900-01-01','','',1,1,0,'Giáo trình Dekiru quyển đỏ nhà trường đã có bản quyền','JPD113'),(279,'Dekiru Nihongo - Beginner Grammar Workbook Vocabulary Workbook','できる日本語教材開発プロジェクト','','1900-01-01','','',0,0,0,'','JPD113'),(280,'Kana Nyuumon (Nhập môn Kana)','Japan Foundation','','1900-01-01','','',0,0,0,'','JPD113'),(281,'Kanji Tamago','できる日本語教材開発プロジェクト','','1900-01-01','','',0,1,0,'','JPD113'),(282,'Slide bài giảng do giảng viên cung cấp','','','1900-01-01','','',0,0,0,'','JPD113'),(283,'Lab Room Regulations (For Students)','','','1900-01-01','','',1,0,0,'Bản mềm do FU biên soạn','LAB211'),(284,'Mentor guide For Lab (For Mentors only)','','','1900-01-01','','',1,0,0,'Bản mềm do FU biên soạn','LAB211'),(285,'Evaluation Templates (For Mentors only)','','','1900-01-01','','',1,0,0,'Bản mềm do FU biên soạn','LAB211'),(286,'https://learner.coursera.help/hc/en-us/articles/208280036-Coursera-Code-of-Conduct','','Coursera','1900-01-01','','',0,0,1,'','WED201c'),(287,'https://www.coursera.org/learn/html/home/welcome','','Coursera','1900-01-01','','',1,0,1,'MOOC 1: Introduction to HTML5','WED201c'),(288,'https://www.coursera.org/learn/introcss/home/welcome','','Coursera','1900-01-01','','',1,0,1,'MOOC 2: Introduction to CSS3','WED201c'),(289,'https://www.coursera.org/learn/javascript/home/welcome','','Coursera','1900-01-01','','',1,0,1,'MOOC 3: Interactivity with JavaScript','WED201c'),(290,'https://www.coursera.org/learn/responsivedesign/home/welcome','','Coursera','1900-01-01','','',1,0,1,'MOOC 4: Advanced Styling with Responsive Design','WED201c'),(291,'https://www.coursera.org/learn/web-design-project/home/welcome','','Coursera','1900-01-01','','',1,0,1,'MOOC 5: Web Design for Everybody Capstone','WED201c'),(292,'https://www.coursera.org/specializations/web-design; University of Michigan','','Coursera','1900-01-01','','',1,0,1,'SPEC: Web Design for Everybody: Basics of Web Development & Coding','WED201c'),(293,'Course from Edx: https://learning.edx.org/course/course-v1:CurtinX+IOT1x+2T2018/home','','','1900-01-01','','',1,0,1,'','IOT102'),(294,'Course from Edx: https://learning.edx.org/course/course-v1:CurtinX+IOT2x+2T2018/home','','','1900-01-01','','',1,0,1,'','IOT102'),(295,'Free Hardware and IoT Ebooks_ OReilly Media','','','1900-01-01','','',0,0,0,'','IOT102'),(296,'Introduction to Arduino A piece of cake! by Alan G. Smith September 30, 2011 free at: http://www.introtoarduino.com','','','1900-01-01','','',0,0,1,'','IOT102'),(297,'Documents at https://www.arduino.cc/','','','1900-01-01','','',0,0,1,'','IOT102'),(298,'Instructables.com - 20 Unbelievable Arduino Projects','','','1900-01-01','','',0,0,1,'','IOT102'),(299,'Slides','','','1900-01-01','','',1,0,0,'','IOT102'),(300,'Tutorials','','','1900-01-01','','',1,0,0,'','IOT102'),(301,'Video','','','1900-01-01','','',1,0,0,'','IOT102'),(302,'Electronics component list','','','1900-01-01','','',1,0,0,'','IOT102'),(303,'『できる日本語　初級　本冊』','嶋田和子','アルク','2011-01-01','','ISBN-10 : 4757419775ISBN-13 : 978-4757419773',0,1,0,'Giáo trình Dekiru quyển đỏ nhà trường đã có bản quyền','JPD123'),(304,'『わたしの文法ノート 初級 (できる日本語)』','嶋田和子','凡人社','2011-01-01','','ISBN-10 : 489358801XISBN-13 : 978-4893588012',0,1,0,'','JPD123'),(305,'『わたしのことばノート 初級 (できる日本語)』','嶋田 和子','凡人社','2012-01-01','','ISBN-10 : 4893588117ISBN-13 : 978-4893588111',0,1,0,'','JPD123'),(306,'漢字たまご 初級','有山優樹 (著), 落合知春 (著), 立原雅子 (著), 林英子 (著), 山口知才子 (著), 酒井弘美 (イラスト), 嶋田和子 (監修)','凡人社','2012-01-01','','ISBN-10 : 4893588311ISBN-13 : 978-4893588319',0,1,0,'','JPD123'),(307,'Slide bài giảng do giảng viên cung cấp','','','1900-01-01','','',0,0,0,'','JPD123'),(308,'Main materials: 1) Montgomery D.C. & Runger G.C., Applied Statistics and Probability for Engineers','John Wiley & Sons.','Wiley','2006-01-01','4th (or 5th or 6th) ed.,','9781119718871',1,1,0,'','MAS291'),(309,'Powerpoint slides (PP).','','','1900-01-01','','',0,0,0,'','MAS291'),(310,'Computerized tools (for example Excel and DDXL add-ons) (CT)','','','1900-01-01','','',0,0,0,'','MAS291'),(311,'Elementary Statistics Using Excel, 3/E,','Mario F. Triola','Addison-Wesley','2002-01-01','3rd','321365135',0,1,0,'','MAS291'),(312,'Text book 1: Professional Java® forWebApplications Link: http://library.books24x7.com/toc.aspx?bookid=62587','Nicholas S. Williams','Wrox','1900-01-01','1st edition','978-1118656464',1,0,1,'','PRJ301'),(313,'Article 1: http://docs.oracle.com/javase/tutorial/JDBC','','','1900-01-01','','',0,0,1,'','PRJ301'),(314,'Article 2: https://docs.oracle.com/cd/B14099_19/web.1012/b14017/filters.htm','','','1900-01-01','','',0,0,1,'','PRJ301'),(315,'https://learner.coursera.help/hc/en-us/articles/208280036-Coursera-Code-of-Conduct','','Coursera','1900-01-01','','',0,0,1,'','SWE201c'),(316,'https://www.coursera.org/learn/software-processes','','Coursera','1900-01-01','','',1,0,1,'MOOC 01: Software Development Processes and Methodologies','SWE201c'),(317,'https://www.coursera.org/learn/agile-software-development','','Coursera','1900-01-01','','',1,0,1,'MOOC 02: Agile Software Development','SWE201c'),(318,'https://www.coursera.org/learn/lean-software-development','','Coursera','1900-01-01','','',1,0,1,'MOOC 03: Lean Software Development','SWE201c'),(319,'https://www.coursera.org/learn/engineering-practices-secure-software-quality','','Coursera','1900-01-01','','',1,0,1,'MOOC 04: Engineering Practices for Building Quality Software','SWE201c'),(320,'https://www.coursera.org/specializations/software-development-lifecycle','','Coursera','1900-01-01','','',1,0,1,'SPEC: Software Development Lifecycle','SWE201c'),(321,'https://learner.coursera.help/hc/en-us/articles/208280036-Coursera-Code-of-Conduct','','Coursera','1900-01-01','','',0,0,1,'','ITE302c'),(322,'https://www.coursera.org/learn/promote-ethical-data-driven-technologies','','Coursera','1900-01-01','','',1,0,1,'MOOC 1: Promote the Ethical Use of Data-Driven Technologies','ITE302c'),(323,'https://www.coursera.org/learn/ethical-frameworks-action','','Coursera','1900-01-01','','',1,0,1,'MOOC 2: Turn Ethical Frameworks into Actionable Steps','ITE302c'),(324,'https://www.coursera.org/learn/detect-mitigate-ethical-risks','','Coursera','1900-01-01','','',1,0,1,'MOOC 3: Detect and Mitigate Ethical Risks','ITE302c'),(325,'https://www.coursera.org/learn/ethical-communication-data-driven-technologies','','Coursera','1900-01-01','','',1,0,1,'MOOC 4: Communicate Effectively about Ethical Challenges in Data-Driven Technologies','ITE302c'),(326,'https://www.coursera.org/learn/ethical-data-driven-technology-leader','','Coursera','1900-01-01','','',1,0,1,'MOOC 5: Create and Lead an Ethical Data-Driven Organization','ITE302c'),(327,'https://www.coursera.org/learn/preparing-for-your-certnexus-certification-exam','','Coursera','1900-01-01','','',1,0,1,'MOOC 6: Preparing for Your CertNexus Certification Exam','ITE302c'),(328,'https://www.coursera.org/specializations/certified-ethical-emerging-technologist','','Coursera','1900-01-01','','',1,0,1,'SPEC: CertNexus Certified Ethical Emerging Technologist Professional Certificate','ITE302c'),(329,'Guides & Templates (for Students & Teachers)','','','1900-01-01','','',1,0,0,'Bản mềm do FU biên soạn','SWP391'),(330,'Learn HTML and CSS with W3Schools (https://www.w3schools.com/)','','','1900-01-01','','',0,0,1,'','SWP391'),(331,'Murach\'s Java Servlets and JSP','Joel Murach, Michael Urban','Mike Murach & Associates','2014-01-01','3rd Edition','978-1890774783',0,1,0,'','SWP391'),(332,'SQL for MySQL Developers A Comprehensive Tutorial and Reference','Rick F. van der Lans','Addison-Wesley Professional','2007-01-01','1st edition','978-0131497351',0,1,0,'','SWP391'),(333,'Software Requirements','Karl E. Wiegers','Microsoft Press','1900-01-01','Third Edition','978-0-7356-7966-5',1,1,0,'','SWR302'),(334,'More About Software Requirements: Thorny Issues and Practical Advice','Karl E. Wiegers','Microsoft Press','1900-01-01','','978-0-7356-2267-8',0,1,0,'','SWR302'),(335,'The Software Requirements Memory Jogger: A Pocket Guide to Help Software And Business Teams Develop and Manage Requirements','Ellen Gottesdiener','GOAL/QPC','1900-01-01','','978-1-57681-060-6',0,1,0,'','SWR302'),(336,'Requirements Engineering: Secure Software Specifications Specialization','','Coursera','1900-01-01','','',0,0,1,'https://www.coursera.org/specializations/requirements-engineering-secure-software','SWR302'),(337,'Foundations of Software Testing: ISTQB Certification','Dorothy Graham, Erik van Veenendaal, Isabel Evans,Rex Black','Cengage Learning Business Press','2008-01-01','','978-1-84480-355-2',1,0,1,'Books24x7, https://library.books24x7.com/toc.aspx?bookid=26179','SWT301'),(338,'https://cmshn.fpt.edu.vn/','','','1900-01-01','','',0,0,1,'','SWT301'),(339,'Foundations of software testing istqb certification','','','1900-01-01','','',0,0,0,'','SWT301'),(340,'Software Quality Engineering: Testing, Quality assurance, and Quantifiable Improvement. Jeff Tian','','','1900-01-01','','',0,0,0,'','SWT301'),(341,'Course Software Testing and Quality Assurance by Tian in http://engr.smu.edu/~tian/class/7314.06f/syl.html (availble in FU library)','','','1900-01-01','','',0,0,1,'','SWT301'),(342,'Ian Sommerville. Software Engineering 8e. Part 5: Verification and Validation.','','','1900-01-01','','',0,0,0,'','SWT301'),(343,'Towards Zero Defect Software: The Cleanroom Approach. Mario A. Nascimento, Mario A. Nascimento, Murat M. Tanik, Murat M. Tanik. 1994. Available at http://www.cnptia.embrapa.br/~mario/Papers/tr-94-cse-31.ps.gz','','','1900-01-01','','',0,0,0,'','SWT301'),(344,'Computer Software Validation. Alan Muirhead. News & Views, March 2000. Available at http://www.stcpmc.org/archive/archive/n&v/feat0300.html','','','1900-01-01','','',0,0,1,'','SWT301'),(345,'Agile Testing: A Practical Guide for Testers and Agile Teams','Lisa Crispin,Janet Gregory','','1900-01-01','','978-0321534460',0,1,0,'','SWT301'),(346,'https://www.coursera.org/specializations/academic-english','','Coursera','1900-01-01','','',1,0,1,'SPEC: Academic English: Writing Specialization','ENW492c'),(347,'https://www.coursera.org/learn/grammar-punctuation','','Coursera','1900-01-01','','',1,0,1,'MOOC 01: Grammar and Punctuation','ENW492c'),(348,'https://www.coursera.org/learn/getting-started-with-essay-writing','','Coursera','1900-01-01','','',1,0,1,'MOOC 02: Getting Started with Essay Writing','ENW492c'),(349,'https://www.coursera.org/learn/advanced-writing','','Coursera','1900-01-01','','',1,0,1,'MOOC 03: Advanced Writing','ENW492c'),(350,'https://www.coursera.org/learn/introduction-to-research-for-essay-writing','','Coursera','1900-01-01','','',1,0,1,'MOOC 04: Introduction to Research for Essay Writing','ENW492c'),(351,'https://www.coursera.org/learn/academic-writing-capstone','','Coursera','1900-01-01','','',1,1,1,'MOOC 05: Project: Writing a Research Paper','ENW492c'),(352,'Hướng dẫn quản lý thực tập (07.04PL - HDCV Quan ly thuc tap) Guideline for internship management (07.04PL - HDCV Quan ly thuc tap)','','','1900-01-01','','',1,1,0,'Internal material, self-documented FPTU','OJT202'),(353,'Phiếu khảo sát doanh nghiệp về sinh viên thực tập (07.16BMĐHFE10- Khảo sát doanh nghiệp về sinh viên thực tập) Business survey on student interns','','','1900-01-01','','',1,1,0,'Internal material, self-documented FPTU','OJT202'),(354,'Phiếu Khảo sát sinh viên về kỳ thực tập (07.17BMĐHFE10- Khao sat sinh vien ve ky thuc tap) Student survey on the internship','','','1900-01-01','','',1,1,0,'Internal material, self-documented FPTU','OJT202'),(355,'Phiếu đánh giá sinh viên kỳ OJT Evaluation of the students\' OJT performance','','','1900-01-01','','',1,1,0,'Internal material, self-documented FPTU','OJT202'),(356,'Google Android developer reference site (http://developer.android.com/resources/tutorials/hello-world.html)','Google','Google','1900-01-01','N/A','',1,0,1,'','PRM392'),(357,'https://google-developer-training.github.io/android-developer-fundamentals-course-concepts-v2/','Google','Google','2018-01-01','2nd','',0,0,1,'','PRM392'),(358,'Course slides (.pptx)','','','1900-01-01','','',0,0,0,'Bản mềm, tài liệu xây dựng bởi FU','PRM392'),(359,'Software Modeling and Design: UML, Use Cases, Patterns, and Software Architectures','H. Gomaa','Cambridge University Press','2011-01-01','1st Edition','9780521764148',1,1,0,'Books24x7, https://library.books24x7.com/toc.aspx?bookid=41618','SWD392'),(360,'UML Distilled: Applying the Standard Object Modeling Language','Fowler','Addison-Wesley','2004-01-01','3rd edition','978-0321193681',0,1,0,'','SWD392'),(361,'https://gmu.blackboard.com/webct/','','','1900-01-01','','',0,0,1,'','SWD392'),(362,'Giáo trình Triết học Mác-Lênin, dùng cho sinh viên đại học hệ không chuyên lý luận chính trị Philosophy of Marxism – Leninism textbook for non-politics majored students','Bộ Giáo dục và Đào tạoMinistry of Education and Training','Nhà xuất bản Chính trị quốc gia sự thậtTruth National Political Publishing House','2021-01-01','1','',1,0,1,'','MLN111'),(363,'Giáo trình Triết học Mác-Lênin, dùng cho sinh viên đại học hệ chuyên lý luận chính trị Philosophy of Marxism – Leninism textbook for politics majored students','Bộ Giáo dục và Đào tạoMinistry of Education and Training','Nhà xuất bản Chính trị quốc gia sự thậtTruth National Political Publishing House','2021-01-01','1','',0,1,0,'','MLN111'),(364,'Giáo trình Triết học Mác-Lênin Philosophy of Marxism – Leninism textbook','Bộ Giáo dục và Đào tạoMinistry of Education and Training','Nhà xuất bản Chính trị quốc giaNational Political Publishing House','2010-01-01','','',0,1,0,'','MLN111'),(365,'C. Mác và Ph. Ăngghen: Toàn tập Marx/Engels Collected Works','C. Mác và Ph. Ăngghen','Nhà xuất bản Chính trị quốc giaNational Political Publishing House','1995-01-01','1','',0,1,0,'','MLN111'),(366,'V.I. Lênnin: Toàn tập Selected works [of] V. I. Lenin','V.I. Lênnin','Nhà xuất bản Chính trị quốc giaNational Political Publishing House','2005-01-01','1','',0,1,0,'','MLN111'),(367,'Giáo trình Triết học Mác-Lênin Philosophy of Marxism – Leninism textbook','Bộ Giáo dục và Đào tạoMinistry of Education and Training','Nhà xuất bản Chính trị quốc giaNational Political Publishing House','1999-01-01','','',0,1,0,'','MLN111'),(368,'Giáo trình Kinh tế chính trị Mác-Lênin, dùng cho sinh viên đại học hệ không chuyên lý luận chính trị Political economics of Marxism – Leninism textbook for non-politics majored students','Bộ Giáo dục và Đào tạoMinistry of Education and Training','Nhà xuất bản Chính trị quốc gia sự thậtTruth National Political Publishing House','2021-01-01','1','',0,0,0,'Giáo trình có thể download bản mềm tại:(Textbook can be downloaded at)https://moet.gov.vn/van-ban/vbdh/Pages/chi-tiet-van-ban.aspx?ItemID=2729#divShowDialogDownload. Thư viện chỉ đặt mua số lượng ít.','MLN122'),(369,'Giáo trình Kinh tế chính trị Mác - Leenin, dùng cho sinh viên đại học hệ chuyên lý luận chính trị Political economics of Marxism – Leninism textbook for politics majored students','Bộ Giáo dục và Đào tạoMinistry of Education and Training','Nhà xuất bản Chính trị quốc gia sự thậtTruth National Political Publishing House','2021-01-01','1','',0,0,0,'','MLN122'),(370,'Văn kiện Đại hội Đảng toàn quốc lần thứ VI, VII, VIII, IX, X, XI, XII, XIII Political report of the 6th, 7th, 8th, 9th, 10th, 11th, 12th, 13th Party Congress The Communist Party of Vietnam The Communist Party of Vietnam','Đảng Cộng sản Việt Nam','Nhà xuất bản Chính trị quốc gia National Political Publishing House','1900-01-01','1','',0,0,0,'','MLN122'),(371,'C. Mác và Ph. Ăngghen: Toàn tập, t4,8,12,13, 18 ,20, 23, 25, 46 Marx/Engels Collected Works, Vol. 4, 8, 12,13, 18 ,20, 23, 25, 46','C. Mác và Ph. Ăngghen','Nhà xuất bản Chính trị quốc giaNational Political Publishing House','2002-01-01','1','',0,0,0,'','MLN122'),(372,'V.I. Lênnin: Toàn tập, t3, 27, 45 V. I. Lenin, Collected Works, Vol. 3, 27, 45','V.I. Lênnin','Nhà xuất bản Chính trị quốc giaNational Political Publishing House','2005-01-01','','',0,0,0,'','MLN122'),(373,'https://learner.coursera.help/hc/en-us/articles/208280036-Coursera-Code-of-Conduct','','Coursera','1900-01-01','','',0,0,1,'','PMG202c'),(374,'https://www.coursera.org/learn/project-management-foundations','','Coursera','1900-01-01','','',1,0,1,'MOOC 1: Foundations of Project Management','PMG202c'),(375,'https://www.coursera.org/learn/project-initiation-google','','Coursera','1900-01-01','','',1,0,1,'MOOC 2: Project Initiation: Starting a Successful Project','PMG202c'),(376,'https://www.coursera.org/learn/project-planning-google','','Coursera','1900-01-01','','',1,0,1,'MOOC 3: Project Planning: Putting It All Together','PMG202c'),(377,'https://www.coursera.org/learn/project-execution-google','','Coursera','1900-01-01','','',1,0,1,'MOOC 4: Project Execution: Running the Project','PMG202c'),(378,'https://www.coursera.org/learn/agile-project-management','','Coursera','1900-01-01','','',1,0,1,'MOOC 5: Agile Project Management','PMG202c'),(379,'https://www.coursera.org/learn/applying-project-management','','Coursera','1900-01-01','','',1,0,1,'MOOC 6: Capstone: Applying Project Management in the Real World','PMG202c'),(380,'https://www.coursera.org/professional-certificates/google-project-management','','Coursera','1900-01-01','','',1,0,1,'SPEC: Google Project Management: Professional Certificate','PMG202c'),(381,'The Project Management Body of Knowledge (PMBOK Guide)','','','1900-01-01','5th','',0,0,0,'PMI','PMG202c'),(382,'ITPM: Information Technology Project Management','Kathy Schwalbe','Cengage Learning','1900-01-01','8th','',0,0,0,'','PMG202c'),(383,'The Scrum Guide (https://scrum.org)','','','1900-01-01','','',0,0,1,'','PMG202c'),(384,'https://learner.coursera.help/hc/en-us/articles/208280036-Coursera-Code-of-Conduct','','Coursera','1900-01-01','','',0,0,1,'','WDU203c'),(385,'https://www.coursera.org/learn/introtoux-principles-and-processes','','','1900-01-01','','',1,0,1,'MOOC 1: Introduction to User Experience Principles and Processes','WDU203c'),(386,'https://www.coursera.org/learn/understanding-user-needs','','','1900-01-01','','',1,0,1,'MOOC 2: Understanding User Needs','WDU203c'),(387,'https://www.coursera.org/learn/evaluating-designs-with-users','','','1900-01-01','','',1,0,1,'MOOC 3: Evaluating Designs with Users','WDU203c'),(388,'https://www.coursera.org/learn/ux-design-concept-wireframe','','','1900-01-01','','',1,0,1,'MOOC 4: UX Design: From Concept to Prototype','WDU203c'),(389,'https://www.coursera.org/learn/ux-research-at-scale','','','1900-01-01','','',1,0,1,'MOOC 5: UX Research at Scale: Surveys, Analytics, Online Testing','WDU203c'),(390,'https://www.coursera.org/learn/user-experience-capstone','','','1900-01-01','','',1,0,1,'MOOC 6: UX (User Experience) Capstone','WDU203c'),(391,'https://www.coursera.org/specializations/michiganux','','','1900-01-01','','',1,0,1,'SPEC: User Experience Research and Design','WDU203c'),(392,'Giáo trình Tư tưởng Hồ Chí Minh, dùng cho sinh viên bậc đại học hệ không chuyên ngành lý luận chính trị<br>Ho Chi Minh ideology textbook for non-politics majored students','Bộ Giáo dục và Đào tạoMinistry of Education and Training','Nhà xuất bản Chính trị quốc gia sự thậtTruth National Political Publishing House','2021-01-01','1','',1,0,1,'Giáo trình có thể download bản mềm tại:(Textbook can be downloaded at)https://moet.gov.vn/van-ban/vbdh/Pages/chi-tiet-van-ban.aspx?ItemID=2729#divShowDialogDownload. Thư viện chỉ đặt mua bản cứng số lượng ít.','HCM202'),(393,'Giáo trình Tư tưởng Hồ Chí Minh, dùng cho sinh viên bậc đại học hệ chuyên ngành lý luận chính trị<br>Ho Chi Minh ideology textbook for politics majored students','Bộ Giáo dục và Đào tạoMinistry of Education and Training','Nhà xuất bản Chính trị quốc gia sự thậtTruth National Political Publishing House','2021-01-01','1','',0,1,0,'','HCM202'),(394,'Hồ Chí Minh toàn tập<br>The Selected Works of Ho Chi Minh<br> Ho Chi Minh','Hồ Chí Minh','Nhà xuất bản Chính trị quốc gia','2021-01-01','1','',0,0,1,'','HCM202'),(395,'Hồ Chí Minh a life','William J. Duiker','Nhà xuất bản Hyperion, New York Hyperion Publishing, New York','2000-01-01','1','',0,0,1,'','HCM202'),(396,'Giáo trình Chủ nghĩa xã hội khoa học, dùng cho sinh viên đại học hệ không chuyên lý luận chính trị<br>Scientific socialism textbook for non-politics majored students','Bộ Giáo dục và Đào tạoMinistry of Education and Training','Nhà xuất bản Chính trị quốc gia sự thậtTruth National Political Publishing House','2021-01-01','1','',1,0,1,'','MLN131'),(397,'Giáo trình Chủ nghĩa xã hội khoa học, dùng cho sinh viên đại học hệ chuyên lý luận chính trị<br>Scientific socialism textbook for politics majored students','Bộ Giáo dục và Đào tạoMinistry of Education and Training','Nhà xuất bản Chính trị quốc gia sự thậtTruth National Political Publishing House','2021-01-01','1','',0,1,0,'','MLN131'),(398,'Giáo trình Chủ nghĩa xã hội khoa học<br>Scientific socialism textbook','Bộ Giáo dục và Đào tạoMinistry of Education and Training','Vietnam Education Publishing House','2006-01-01','','',0,1,0,'','MLN131'),(399,'C. Mác và Ph. Ăngghen: Toàn tập<br>Marx/Engels Collected Works','C. Mác và Ph. Ăngghen','Nhà xuất bản Chính trị quốc giaNational Political Publishing House','2004-01-01','1','',0,1,0,'','MLN131'),(400,'V.I. Lênnin: Toàn tập<br>Selected works [of] V. I. Lenin','V.I. Lênnin','Nhà xuất bản Chính trị quốc giaNational Political Publishing House','2005-01-01','1','',0,1,0,'','MLN131'),(401,'The Student’s Guide of Capstone Project (CPro_StudentGuide_IS_2021Fall)','','','1900-01-01','','',1,0,0,'Bản mềm, tài liệu xây dựng bởi FU','SEP490'),(402,'Graduated Regulation (Quy che tot nghiep)','','','1900-01-01','','',1,0,0,'Bản mềm, tài liệu xây dựng bởi FU','SEP490'),(403,'Project Templates (on CMS)','','','1900-01-01','','',1,0,0,'Bản mềm, tài liệu xây dựng bởi FU','SEP490'),(404,'Giáo trình Lịch sử Đảng Cộng sản Việt Nam (Dành cho sinh viên đại học, cao đẳng khối không chuyên ngành Mác – Lênin, tư tưởng Hồ Chí Minh)<br>History of CPV textbook for students whose major is not Marxism-Leninism and Ho Chi Minh ideology','Bộ Giáo dục và Đào tạoMinistry of Education and Training','Nhà xuất bản Chính trị quốc gia sự thậtTruth National Political Publishing House','2021-01-01','1','',1,0,1,'Giáo trình có thể download bản mềm tại:(Textbook can be downloaded at)https://moet.gov.vn/van-ban/vbdh/Pages/chi-tiet-van-ban.aspx?ItemID=2729#divShowDialogDownload. Thư viện chỉ đặt mua bản cứng số lượng ít.','VNR202'),(405,'Giáo trình Lịch sử Đảng Cộng sản Việt Nam (Dành cho sinh viên đại học, cao đẳng chuyên ngành Mác – Lênin, tư tưởng Hồ Chí Minh)<br>History of CPV textbook for students whose major is Marxism-Leninism and Ho Chi Minh ideology','Bộ Giáo dục và Đào tạoMinistry of Education and Training','Nhà xuất bản Chính trị quốc gia sự thậtTruth National Political Publishing House','2021-01-01','1','',0,1,0,'','VNR202'),(406,'Hồ Chí Minh toàn tập, tập 1 đến tập 15<br>The Selected Works of Ho Chi Minh, Vol. 1 to 5','Hồ Chí Minh','Nhà xuất bản Chính trị quốc gia National Political Publishing House','2011-01-01','1','',0,0,1,'','VNR202'),(407,'Lịch sử Đảng Cộng sản Việt Nam, tập 1<br>History of the Communist Party of Vietnam, Vol. 1','Institute of History','Nhà xuất bản Chính trị quốc gia National Political Publishing House','2018-01-01','1','',0,0,1,'','VNR202'),(408,'Chiến tranh cách mạng Việt Nam 1945-1975, thắng lợi và bài học<br>Vietnamese Revolutionary War, 1945–1975: Victory and Lessons','Ban chỉ đạo tổng kết chiến tranh trực thuộc Bộ chính trị','Nhà xuất bản Chính trị quốc gia National Political Publishing House','2008-01-01','1','',0,0,1,'','VNR202'),(409,'Báo cáo tổng kết một số vấn đề lý luận thực tiễn qua 30 năm đổi mới<br>The final report on the summary of some theoretical-practical issues over the past 30 years of innovation','Đảng Cộng sản Việt Nam, Ban chấp hành Trung ương, Ban chỉ đạo tổng kết','Nhà xuất bản Chính trị quốc gia National Political Publishing House','2015-01-01','1','',0,0,1,'','VNR202'),(410,'Văn kiện Đại hội đại biểu toàn quốc lần thứ XII<br>Political report of the 13th Party Congress','Đảng Cộng sản Việt Nam','Nhà xuất bản Chính trị quốc gia National Political Publishing House','2016-01-01','1','',0,0,1,'','VNR202'),(411,'Introductory documents aout FPT Group and FPT University','','',NULL,'','',0,0,0,'','OTP101'),(412,'Hồi ký: Những điều đọng lại qua hai cuộc chiến tranh','','',NULL,'','',0,0,0,'','OTP101'),(413,'Hồi ký: Tổng hành dinh','','',NULL,'','',0,0,0,'','OTP101'),(414,'Computer Organization and Architecture: Design for Performance','William Stallings','Prentice Hall',NULL,'9th (or 10th)','978-0132936330 (9th), 978-0134101613 (10th)',1,1,0,'','CEA201'),(415,'Computer architecture : A quantitative approach','John L. Hennessy, David A Patterson','Morgan Kaufmann',NULL,'','',0,1,0,'','CEA201'),(416,'http:--williamstallings.com-ComputerOrganization-COA9e-Instructor-','','',NULL,'','',0,0,1,'','CEA201'),(417,'http:--williamstallings.com-ComputerOrganization-COA9e-student-','','',NULL,'','',0,0,1,'','CEA201'),(418,'PowerPoint Lecture Slides','','',NULL,'','',0,0,0,'','CEA201'),(419,'Instructor Solutions Manual','','',NULL,'','',0,0,0,'','CEA201'),(420,'Instructor Project Manual','','',NULL,'','',0,0,0,'','CEA201'),(421,'Test banks','','',NULL,'','',0,0,0,'','CEA201'),(422,'Foundations Of Computer Science','Behrouz Forouzan','Cengage',NULL,'4th','978-1-4737-5104-0',1,1,0,'','CSI104'),(423,'Fundamentals of Information Systems Security','','Jones & Bartlett',NULL,'3rd','',0,1,0,'','CSI104'),(424,'Computer architecture : A quantitative approach','John L. Hennessy, David A Patterson','Morgan Kaufmann',NULL,'5th','',0,1,0,'','CSI104'),(425,'Calculus 1','','',NULL,'','',1,0,1,'https:--openstax.org-details-books-calculus-volume-1','MAE101'),(426,'Calculus 2','','',NULL,'','',1,0,1,'https:--openstax.org-details-books-calculus-volume-2','MAE101'),(427,'powerpoint in CD + Powerpoint prepared by previous lecturers (PP).','','',NULL,'','',0,0,0,'','MAE101'),(428,'Student Video Skillbuilder in CD (Video).','','',NULL,'','',0,0,0,'','MAE101'),(429,'Animation in CD (Animation).','','',NULL,'','',0,0,0,'','MAE101'),(430,'Computerized tools (for example Maxima http:--maxima.sourceforge.net-) (CT)','','',NULL,'','',0,0,0,'','MAE101'),(431,'Essential Calculus','James Stewart','Thomson Brooks-Cole',NULL,'','978-0-495-10860-3',0,0,0,'','MAE101'),(432,'Calculus for engineers','Donald Trim','Prentice Hall,',NULL,'','0-13-085603-7',0,0,0,'','MAE101'),(433,'Calculus','Stanley I. Grossman','',NULL,'','0-03-096420-2',0,0,0,'','MAE101'),(434,'Linear Algebra with applications','W.Keith Nicholson,','Mc Graw Hill Education',NULL,'','987-1-259-07299-4.',0,1,0,'','MAE101'),(435,'Linear Algebra with Applications','W. Keith Nicholson','Lyryx Online Resources',NULL,'2021-A','',1,0,1,'https:--lyryx.com-linear-algebra-applications-','MAE101'),(436,'Foundations of Programming Using C','Evan Weaver','2003',NULL,'','',1,1,0,'','PRF192'),(437,'BTP100: http:--cs.senecac.on.ca-~btp100-pages-welco.html','','',NULL,'','',0,0,1,'','PRF192'),(438,'FU Presentation Powerpoints (.zip)','','',NULL,'','',0,0,0,'','PRF192'),(439,'FU CMS at http:--cms.fpt.edu.vn .','','',NULL,'','',0,0,1,'','PRF192'),(440,'https:--www.coursera.org-specializations-academic-skills','','Coursera',NULL,'','',1,0,1,'SPEC: Academic Skills for University Success Specialization','SSL101c'),(441,'https:--www.coursera.org-learn-digital-literacy','','Coursera',NULL,'','',1,0,1,'MOOC 01: Introduction to Information & Digital Literacy for University Success','SSL101c'),(442,'https:--www.coursera.org-learn-problem-solving-skills','','Coursera',NULL,'','',1,0,1,'MOOC 02: Introduction to Problem-Solving Skill for University Success','SSL101c'),(443,'https:--www.coursera.org-learn-critical-thinking-skills','','Coursera',NULL,'','',1,0,1,'MOOC 03: Critical Thinking Skills for University Success','SSL101c'),(444,'https:--www.coursera.org-learn-communication-skills','','Coursera',NULL,'','',1,0,1,'MOOC 04: Communication Skills for University Success','SSL101c'),(445,'https:--www.coursera.org-learn-academic-skills-project','','Coursera',NULL,'','',1,0,1,'MOOC 05: Academic Skills for University Success: Capstone','SSL101c'),(446,'Discrete Mathematics and its applications','Kenneth Rosen','Mc.Graw Hill, IE',NULL,'Ed.7 (or 6','978-0073383095',1,1,0,'','MAD101'),(447,'Teaching Suggestion and Applications of Discrete Mathematics for ST1 (TS)','','',NULL,'','',0,0,0,'','MAD101'),(448,'Testbank for ST1','','',NULL,'','',0,0,0,'','MAD101'),(449,'Powerpoint image in CD + Powerpoint prepared by previous lecturers (PP)','','',NULL,'','',0,0,0,'','MAD101'),(450,'Computerized tools (for example C programming tools, Maxima http:--maxima.sourceforge.net-) (CT)','','',NULL,'','',0,0,0,'','MAD101'),(451,'Adam Drozdek. Data structure and Algorithms in Java. 3rd Edition.','','',NULL,'','',0,1,0,'','MAD101'),(452,'https:--www.coursera.org-specializations-computer-communications','','Coursera',NULL,'','',1,0,1,'SPEC: Computer Communications Specialization','NWC203c'),(453,'https:--learner.coursera.help-hc-en-us-articles-208280036-Coursera-Code-of-Conduct','','Coursera',NULL,'','',0,0,1,'Help Articles','NWC203c'),(454,'https:--www.coursera.org-learn-fundamentals-network-communications?specialization=computer-communications','','Coursera',NULL,'','',1,0,1,'MOOC 1: Fundamentals of Network Communication','NWC203c'),(455,'https:--www.coursera.org-learn-peer-to-peer-protocols-local-area-networks?specialization=computer-communications','','Coursera',NULL,'','',1,0,1,'MOOC 2: Peer-to-Peer Protocols and Local Area Networks','NWC203c'),(456,'https:--www.coursera.org-learn-packet-switching-networks-algorithms?specialization=computer-communications','','Coursera',NULL,'','',1,0,1,'MOOC 3: Packet Switching Networks and Algorithms','NWC203c'),(457,'https:--www.coursera.org-learn-tcp-ip-advanced?specialization=computer-communications','','Coursera',NULL,'','',1,0,1,'MOOC 4: TCP-IP and Advanced Topics','NWC203c'),(458,'Modern Operating Systems (4th edition or 3rd or 2nd)','Andrew S. Tanenbaum','Pearson',NULL,'4th or 3rd or 2nd','9781292061429 or 9780133591620 (4th Edition)',1,1,0,'','OSG202'),(459,'Course slides (.pptx)','','',NULL,'','',0,0,0,'','OSG202'),(460,'Understanding operating systems','Ann McIver McHoes and Ida M. Flynn','Cengage Learning',NULL,'8th','978-1305674257',0,1,0,'','OSG202'),(461,'http:--courses.knox.edu-cs226-','','',NULL,'','',0,0,1,'','OSG202'),(462,'Connecting with Computer Science','Creg Anderson, David Ferrro, Robert Hilbon','Thomson course Technology',NULL,'2nd Edition','978-1439080351',0,1,0,'','OSG202'),(463,'Java 8 Specification https:--docs.oracle.com-javase-specs-jvms-se8-html-jvms-1.html#jvms-1.1','','',NULL,'','',0,0,1,'','PRO192'),(464,'Core Java, Volum 1: Fundamentals','Cay Horstmann','Pearson',NULL,'11th','978-0135166307',0,1,0,'','PRO192'),(465,'Core Java, Volum 2: Advanced features','Cay Horstmann','Pearson',NULL,'11th','978-0135166314',0,1,0,'','PRO192'),(466,'Object-Oriented Programming using Java (website (offline): Học liệu do FU biên soạn)','','',NULL,'','',1,0,0,'','PRO192'),(467,'Problem Solving in Teams and Groups','Cameron W. Piercy','University of Kansas Libraries',NULL,'','',1,0,1,'https:--open.umn.edu-opentextbooks-textbooks-problem-solving-in-teams-and-groups','SSG104'),(468,'College Success','N-A','Lumen Learning courseware',NULL,'','',1,0,1,'https:--courses.lumenlearning.com-lumencollegesuccessxtraining2- or https:--courses.lumenlearning.com-lumencollegesuccessxtraining-','SSG104'),(469,'Business communication for success','N-A','University of Minnesota i',NULL,'2th','',1,0,1,'https:--www.oercommons.org-courses-basics-of-written-business-communication-view','SSG104'),(470,'Working in group 7th ed.','','Pearson',NULL,'','',0,1,0,'','SSG104'),(471,'Business communication 7th ed.','','Thomson-South Western',NULL,'','',0,1,0,'','SSG104'),(472,'PowerPoint Slides','','',NULL,'','',0,0,0,'','SSG104'),(473,'Michaelt T. Goodrich, Roberto Tamassia, Michael H. Goldwasser: Data Structures and Algorithms in Java, 6th Edition, 2014 (ebook) Link to the book: http:--coltech.vnu.edu.vn-~sonpb-DSA-Data%20Structures%20and%20Algorithms%20in%20Java,%206th%20Edition,%202014.pdf','Michaelt T. Goodrich, Roberto Tamassia, Michael H. Goldwasser','Wiley',NULL,'6th','978-1-118-77133-4',1,0,1,'','CSD201'),(474,'FU slides (ppt)','','',NULL,'','',0,0,0,'','CSD201'),(475,'FU exercises (pdf)','','',NULL,'','',0,0,0,'','CSD201'),(476,'Code files for students (java files)','','',NULL,'','',0,0,0,'','CSD201'),(477,'FU CMS at http:--cms.fpt.edu.vn.','','',NULL,'','',0,0,1,'','CSD201'),(478,'First Course in Database Systems','Jeffrey D. Ullman, Jennifer Widom','Pearson',NULL,'Third edition','9781292025827 or 9780136006374',1,1,0,'','DBI202'),(479,'Database Management System','Raghu ramakrishnan','Mc Graw-Hill',NULL,'Third edition','978-8131769591',0,1,0,'','DBI202'),(480,'Database Management System (DBMS): A Practical Approach','Rajiv Chopra','SChand Publications',NULL,'','9788121932455',0,1,0,'','DBI202'),(481,'Course slides (.pptx)','','',NULL,'','',0,0,0,'','DBI202'),(482,'Labs & assignment','','',NULL,'','',0,0,0,'','DBI202'),(483,'Dekiru Nihongo - Beginner Main textbook','できる日本語教材開発プロジェクト','',NULL,'','',1,1,0,'Giáo trình Dekiru quyển đỏ nhà trường đã có bản quyền','JPD113'),(484,'Dekiru Nihongo - Beginner Grammar Workbook Vocabulary Workbook','できる日本語教材開発プロジェクト','',NULL,'','',0,0,0,'','JPD113'),(485,'Kana Nyuumon (Nhập môn Kana)','Japan Foundation','',NULL,'','',0,0,0,'','JPD113'),(486,'Kanji Tamago','できる日本語教材開発プロジェクト','',NULL,'','',0,1,0,'','JPD113'),(487,'Slide bài giảng do giảng viên cung cấp','','',NULL,'','',0,0,0,'','JPD113'),(488,'Lab Room Regulations (For Students)','','',NULL,'','',1,0,0,'Bản mềm do FU biên soạn','LAB211'),(489,'Mentor guide For Lab (For Mentors only)','','',NULL,'','',1,0,0,'Bản mềm do FU biên soạn','LAB211'),(490,'Evaluation Templates (For Mentors only)','','',NULL,'','',1,0,0,'Bản mềm do FU biên soạn','LAB211'),(491,'https:--learner.coursera.help-hc-en-us-articles-208280036-Coursera-Code-of-Conduct','','Coursera',NULL,'','',0,0,1,'','WED201c'),(492,'https:--www.coursera.org-learn-html-home-welcome','','Coursera',NULL,'','',1,0,1,'MOOC 1: Introduction to HTML5','WED201c'),(493,'https:--www.coursera.org-learn-introcss-home-welcome','','Coursera',NULL,'','',1,0,1,'MOOC 2: Introduction to CSS3','WED201c'),(494,'https:--www.coursera.org-learn-javascript-home-welcome','','Coursera',NULL,'','',1,0,1,'MOOC 3: Interactivity with JavaScript','WED201c'),(495,'https:--www.coursera.org-learn-responsivedesign-home-welcome','','Coursera',NULL,'','',1,0,1,'MOOC 4: Advanced Styling with Responsive Design','WED201c'),(496,'https:--www.coursera.org-learn-web-design-project-home-welcome','','Coursera',NULL,'','',1,0,1,'MOOC 5: Web Design for Everybody Capstone','WED201c'),(497,'https:--www.coursera.org-specializations-web-design; University of Michigan','','Coursera',NULL,'','',1,0,1,'SPEC: Web Design for Everybody: Basics of Web Development & Coding','WED201c'),(498,'Course from Edx: https:--learning.edx.org-course-course-v1:CurtinX+IOT1x+2T2018-home','','',NULL,'','',1,0,1,'','IOT102'),(499,'Course from Edx: https:--learning.edx.org-course-course-v1:CurtinX+IOT2x+2T2018-home','','',NULL,'','',1,0,1,'','IOT102'),(500,'Free Hardware and IoT Ebooks_ OReilly Media','','',NULL,'','',0,0,0,'','IOT102'),(501,'Introduction to Arduino A piece of cake! by Alan G. Smith September 30, 2011 free at: http:--www.introtoarduino.com','','',NULL,'','',0,0,1,'','IOT102'),(502,'Documents at https:--www.arduino.cc-','','',NULL,'','',0,0,1,'','IOT102'),(503,'Instructables.com - 20 Unbelievable Arduino Projects','','',NULL,'','',0,0,1,'','IOT102'),(504,'Slides','','',NULL,'','',1,0,0,'','IOT102'),(505,'Tutorials','','',NULL,'','',1,0,0,'','IOT102'),(506,'Video','','',NULL,'','',1,0,0,'','IOT102'),(507,'Electronics component list','','',NULL,'','',1,0,0,'','IOT102'),(508,'『できる日本語　初級　本冊』','嶋田和子','アルク',NULL,'','ISBN-10 : 4757419775ISBN-13 : 978-4757419773',0,1,0,'Giáo trình Dekiru quyển đỏ nhà trường đã có bản quyền','JPD123'),(509,'『わたしの文法ノート 初級 (できる日本語)』','嶋田和子','凡人社',NULL,'','ISBN-10 : 489358801XISBN-13 : 978-4893588012',0,1,0,'','JPD123'),(510,'『わたしのことばノート 初級 (できる日本語)』','嶋田 和子','凡人社',NULL,'','ISBN-10 : 4893588117ISBN-13 : 978-4893588111',0,1,0,'','JPD123'),(511,'漢字たまご 初級','有山優樹 (著), 落合知春 (著), 立原雅子 (著), 林英子 (著), 山口知才子 (著), 酒井弘美 (イラスト), 嶋田和子 (監修)','凡人社',NULL,'','ISBN-10 : 4893588311ISBN-13 : 978-4893588319',0,1,0,'','JPD123'),(512,'Slide bài giảng do giảng viên cung cấp','','',NULL,'','',0,0,0,'','JPD123'),(513,'Main materials: 1 Montgomery D.C. & Runger G.C., Applied Statistics and Probability for Engineers','John Wiley & Sons.','Wiley',NULL,'4th (or 5th or 6th) ed.,','9781119718871',1,1,0,'','MAS291'),(514,'Powerpoint slides (PP).','','',NULL,'','',0,0,0,'','MAS291'),(515,'Computerized tools (for example Excel and DDXL add-ons) (CT)','','',NULL,'','',0,0,0,'','MAS291'),(516,'Elementary Statistics Using Excel, 3-E,','Mario F. Triola','Addison-Wesley',NULL,'3rd','321365135',0,1,0,'','MAS291'),(517,'Text book 1: Professional Java® forWebApplications Link: http:--library.books24x7.com-toc.aspx?bookid=62587','Nicholas S. Williams','Wrox',NULL,'1st edition','978-1118656464',1,0,1,'','PRJ301'),(518,'Article 1: http:--docs.oracle.com-javase-tutorial-JDBC','','',NULL,'','',0,0,1,'','PRJ301'),(519,'Article 2: https:--docs.oracle.com-cd-B14099_19-web.1012-b14017-filters.htm','','',NULL,'','',0,0,1,'','PRJ301'),(520,'https:--learner.coursera.help-hc-en-us-articles-208280036-Coursera-Code-of-Conduct','','Coursera',NULL,'','',0,0,1,'','SWE201c'),(521,'https:--www.coursera.org-learn-software-processes','','Coursera',NULL,'','',1,0,1,'MOOC 01: Software Development Processes and Methodologies','SWE201c'),(522,'https:--www.coursera.org-learn-agile-software-development','','Coursera',NULL,'','',1,0,1,'MOOC 02: Agile Software Development','SWE201c'),(523,'https:--www.coursera.org-learn-lean-software-development','','Coursera',NULL,'','',1,0,1,'MOOC 03: Lean Software Development','SWE201c'),(524,'https:--www.coursera.org-learn-engineering-practices-secure-software-quality','','Coursera',NULL,'','',1,0,1,'MOOC 04: Engineering Practices for Building Quality Software','SWE201c'),(525,'https:--www.coursera.org-specializations-software-development-lifecycle','','Coursera',NULL,'','',1,0,1,'SPEC: Software Development Lifecycle','SWE201c'),(526,'https:--learner.coursera.help-hc-en-us-articles-208280036-Coursera-Code-of-Conduct','','Coursera',NULL,'','',0,0,1,'','ITE302c'),(527,'https:--www.coursera.org-learn-promote-ethical-data-driven-technologies','','Coursera',NULL,'','',1,0,1,'MOOC 1: Promote the Ethical Use of Data-Driven Technologies','ITE302c'),(528,'https:--www.coursera.org-learn-ethical-frameworks-action','','Coursera',NULL,'','',1,0,1,'MOOC 2: Turn Ethical Frameworks into Actionable Steps','ITE302c'),(529,'https:--www.coursera.org-learn-detect-mitigate-ethical-risks','','Coursera',NULL,'','',1,0,1,'MOOC 3: Detect and Mitigate Ethical Risks','ITE302c'),(530,'https:--www.coursera.org-learn-ethical-communication-data-driven-technologies','','Coursera',NULL,'','',1,0,1,'MOOC 4: Communicate Effectively about Ethical Challenges in Data-Driven Technologies','ITE302c'),(531,'https:--www.coursera.org-learn-ethical-data-driven-technology-leader','','Coursera',NULL,'','',1,0,1,'MOOC 5: Create and Lead an Ethical Data-Driven Organization','ITE302c'),(532,'https:--www.coursera.org-learn-preparing-for-your-certnexus-certification-exam','','Coursera',NULL,'','',1,0,1,'MOOC 6: Preparing for Your CertNexus Certification Exam','ITE302c'),(533,'https:--www.coursera.org-specializations-certified-ethical-emerging-technologist','','Coursera',NULL,'','',1,0,1,'SPEC: CertNexus Certified Ethical Emerging Technologist Professional Certificate','ITE302c'),(534,'Guides & Templates (for Students & Teachers)','','',NULL,'','',1,0,0,'Bản mềm do FU biên soạn','SWP391'),(535,'Learn HTML and CSS with W3Schools (https:--www.w3schools.com-)','','',NULL,'','',0,0,1,'','SWP391'),(536,'Murach\'s Java Servlets and JSP','Joel Murach, Michael Urban','Mike Murach & Associates',NULL,'3rd Edition','978-1890774783',0,1,0,'','SWP391'),(537,'SQL for MySQL Developers A Comprehensive Tutorial and Reference','Rick F. van der Lans','Addison-Wesley Professional',NULL,'1st edition','978-0131497351',0,1,0,'','SWP391'),(538,'Software Requirements','Karl E. Wiegers','Microsoft Press',NULL,'Third Edition','978-0-7356-7966-5',1,1,0,'','SWR302'),(539,'More About Software Requirements: Thorny Issues and Practical Advice','Karl E. Wiegers','Microsoft Press',NULL,'','978-0-7356-2267-8',0,1,0,'','SWR302'),(540,'The Software Requirements Memory Jogger: A Pocket Guide to Help Software And Business Teams Develop and Manage Requirements','Ellen Gottesdiener','GOAL-QPC',NULL,'','978-1-57681-060-6',0,1,0,'','SWR302'),(541,'Requirements Engineering: Secure Software Specifications Specialization','','Coursera',NULL,'','',0,0,1,'https:--www.coursera.org-specializations-requirements-engineering-secure-software','SWR302'),(542,'Foundations of Software Testing: ISTQB Certification','Dorothy Graham, Erik van Veenendaal, Isabel Evans,Rex Black','Cengage Learning Business Press',NULL,'','978-1-84480-355-2',1,0,1,'Books24x7, https:--library.books24x7.com-toc.aspx?bookid=26179','SWT301'),(543,'https:--cmshn.fpt.edu.vn-','','',NULL,'','',0,0,1,'','SWT301'),(544,'Foundations of software testing istqb certification','','',NULL,'','',0,0,0,'','SWT301'),(545,'Software Quality Engineering: Testing, Quality assurance, and Quantifiable Improvement. Jeff Tian','','',NULL,'','',0,0,0,'','SWT301'),(546,'Course Software Testing and Quality Assurance by Tian in http:--engr.smu.edu-~tian-class-7314.06f-syl.html (availble in FU library)','','',NULL,'','',0,0,1,'','SWT301'),(547,'Ian Sommerville. Software Engineering 8e. Part 5: Verification and Validation.','','',NULL,'','',0,0,0,'','SWT301'),(548,'Towards Zero Defect Software: The Cleanroom Approach. Mario A. Nascimento, Mario A. Nascimento, Murat M. Tanik, Murat M. Tanik. 1994. Available at http:--www.cnptia.embrapa.br-~mario-Papers-tr-94-cse-31.ps.gz','','',NULL,'','',0,0,0,'','SWT301'),(549,'Computer Software Validation. Alan Muirhead. News & Views, March 2000. Available at http:--www.stcpmc.org-archive-archive-n&v-feat0300.html','','',NULL,'','',0,0,1,'','SWT301'),(550,'Agile Testing: A Practical Guide for Testers and Agile Teams','Lisa Crispin,Janet Gregory','',NULL,'','978-0321534460',0,1,0,'','SWT301'),(551,'https:--www.coursera.org-specializations-academic-english','','Coursera',NULL,'','',1,0,1,'SPEC: Academic English: Writing Specialization','ENW492c'),(552,'https:--www.coursera.org-learn-grammar-punctuation','','Coursera',NULL,'','',1,0,1,'MOOC 01: Grammar and Punctuation','ENW492c'),(553,'https:--www.coursera.org-learn-getting-started-with-essay-writing','','Coursera',NULL,'','',1,0,1,'MOOC 02: Getting Started with Essay Writing','ENW492c'),(554,'https:--www.coursera.org-learn-advanced-writing','','Coursera',NULL,'','',1,0,1,'MOOC 03: Advanced Writing','ENW492c'),(555,'https:--www.coursera.org-learn-introduction-to-research-for-essay-writing','','Coursera',NULL,'','',1,0,1,'MOOC 04: Introduction to Research for Essay Writing','ENW492c'),(556,'https:--www.coursera.org-learn-academic-writing-capstone','','Coursera',NULL,'','',1,1,1,'MOOC 05: Project: Writing a Research Paper','ENW492c'),(557,'Hướng dẫn quản lý thực tập (07.04PL - HDCV Quan ly thuc tap) Guideline for internship management (07.04PL - HDCV Quan ly thuc tap)','','',NULL,'','',1,1,0,'Internal material, self-documented FPTU','OJT202'),(558,'Phiếu khảo sát doanh nghiệp về sinh viên thực tập (07.16BMĐHFE10- Khảo sát doanh nghiệp về sinh viên thực tập) Business survey on student interns','','',NULL,'','',1,1,0,'Internal material, self-documented FPTU','OJT202'),(559,'Phiếu Khảo sát sinh viên về kỳ thực tập (07.17BMĐHFE10- Khao sat sinh vien ve ky thuc tap) Student survey on the internship','','',NULL,'','',1,1,0,'Internal material, self-documented FPTU','OJT202'),(560,'Phiếu đánh giá sinh viên kỳ OJT Evaluation of the students\' OJT performance','','',NULL,'','',1,1,0,'Internal material, self-documented FPTU','OJT202'),(561,'Google Android developer reference site (http:--developer.android.com-resources-tutorials-hello-world.html)','Google','Google',NULL,'N-A','',1,0,1,'','PRM392'),(562,'https:--google-developer-training.github.io-android-developer-fundamentals-course-concepts-v2-','Google','Google',NULL,'2nd','',0,0,1,'','PRM392'),(563,'Course slides (.pptx)','','',NULL,'','',0,0,0,'Bản mềm, tài liệu xây dựng bởi FU','PRM392'),(564,'Software Modeling and Design: UML, Use Cases, Patterns, and Software Architectures','H. Gomaa','Cambridge University Press',NULL,'1st Edition','9780521764148',1,1,0,'Books24x7, https:--library.books24x7.com-toc.aspx?bookid=41618','SWD392'),(565,'UML Distilled: Applying the Standard Object Modeling Language','Fowler','Addison-Wesley',NULL,'3rd edition','978-0321193681',0,1,0,'','SWD392'),(566,'https:--gmu.blackboard.com-webct-','','',NULL,'','',0,0,1,'','SWD392'),(567,'Giáo trình Triết học Mác-Lênin, dùng cho sinh viên đại học hệ không chuyên lý luận chính trị Philosophy of Marxism – Leninism textbook for non-politics majored students','Bộ Giáo dục và Đào tạoMinistry of Education and Training','Nhà xuất bản Chính trị quốc gia sự thậtTruth National Political Publishing House',NULL,'1','',1,0,1,'','MLN111'),(568,'Giáo trình Triết học Mác-Lênin, dùng cho sinh viên đại học hệ chuyên lý luận chính trị Philosophy of Marxism – Leninism textbook for politics majored students','Bộ Giáo dục và Đào tạoMinistry of Education and Training','Nhà xuất bản Chính trị quốc gia sự thậtTruth National Political Publishing House',NULL,'1','',0,1,0,'','MLN111'),(569,'Giáo trình Triết học Mác-Lênin Philosophy of Marxism – Leninism textbook','Bộ Giáo dục và Đào tạoMinistry of Education and Training','Nhà xuất bản Chính trị quốc giaNational Political Publishing House',NULL,'','',0,1,0,'','MLN111'),(570,'C. Mác và Ph. Ăngghen: Toàn tập Marx-Engels Collected Works','C. Mác và Ph. Ăngghen','Nhà xuất bản Chính trị quốc giaNational Political Publishing House',NULL,'1','',0,1,0,'','MLN111'),(571,'V.I. Lênnin: Toàn tập Selected works [of] V. I. Lenin','V.I. Lênnin','Nhà xuất bản Chính trị quốc giaNational Political Publishing House',NULL,'1','',0,1,0,'','MLN111'),(572,'Giáo trình Triết học Mác-Lênin Philosophy of Marxism – Leninism textbook','Bộ Giáo dục và Đào tạoMinistry of Education and Training','Nhà xuất bản Chính trị quốc giaNational Political Publishing House',NULL,'','',0,1,0,'','MLN111'),(573,'Giáo trình Kinh tế chính trị Mác-Lênin, dùng cho sinh viên đại học hệ không chuyên lý luận chính trị Political economics of Marxism – Leninism textbook for non-politics majored students','Bộ Giáo dục và Đào tạoMinistry of Education and Training','Nhà xuất bản Chính trị quốc gia sự thậtTruth National Political Publishing House',NULL,'1','',0,0,0,'Giáo trình có thể download bản mềm tại:(Textbook can be downloaded at)https:--moet.gov.vn-van-ban-vbdh-Pages-chi-tiet-van-ban.aspx?ItemID=2729#divShowDialogDownload. Thư viện chỉ đặt mua số lượng ít.','MLN122'),(574,'Giáo trình Kinh tế chính trị Mác - Leenin, dùng cho sinh viên đại học hệ chuyên lý luận chính trị Political economics of Marxism – Leninism textbook for politics majored students','Bộ Giáo dục và Đào tạoMinistry of Education and Training','Nhà xuất bản Chính trị quốc gia sự thậtTruth National Political Publishing House',NULL,'1','',0,0,0,'','MLN122'),(575,'Văn kiện Đại hội Đảng toàn quốc lần thứ VI, VII, VIII, IX, X, XI, XII, XIII Political report of the 6th, 7th, 8th, 9th, 10th, 11th, 12th, 13th Party Congress The Communist Party of Vietnam The Communist Party of Vietnam','Đảng Cộng sản Việt Nam','Nhà xuất bản Chính trị quốc gia National Political Publishing House',NULL,'1','',0,0,0,'','MLN122'),(576,'C. Mác và Ph. Ăngghen: Toàn tập, t4,8,12,13, 18 ,20, 23, 25, 46 Marx-Engels Collected Works, Vol. 4, 8, 12,13, 18 ,20, 23, 25, 46','C. Mác và Ph. Ăngghen','Nhà xuất bản Chính trị quốc giaNational Political Publishing House',NULL,'1','',0,0,0,'','MLN122'),(577,'V.I. Lênnin: Toàn tập, t3, 27, 45 V. I. Lenin, Collected Works, Vol. 3, 27, 45','V.I. Lênnin','Nhà xuất bản Chính trị quốc giaNational Political Publishing House',NULL,'','',0,0,0,'','MLN122'),(578,'https:--learner.coursera.help-hc-en-us-articles-208280036-Coursera-Code-of-Conduct','','Coursera',NULL,'','',0,0,1,'','PMG202c'),(579,'https:--www.coursera.org-learn-project-management-foundations','','Coursera',NULL,'','',1,0,1,'MOOC 1: Foundations of Project Management','PMG202c'),(580,'https:--www.coursera.org-learn-project-initiation-google','','Coursera',NULL,'','',1,0,1,'MOOC 2: Project Initiation: Starting a Successful Project','PMG202c'),(581,'https:--www.coursera.org-learn-project-planning-google','','Coursera',NULL,'','',1,0,1,'MOOC 3: Project Planning: Putting It All Together','PMG202c'),(582,'https:--www.coursera.org-learn-project-execution-google','','Coursera',NULL,'','',1,0,1,'MOOC 4: Project Execution: Running the Project','PMG202c'),(583,'https:--www.coursera.org-learn-agile-project-management','','Coursera',NULL,'','',1,0,1,'MOOC 5: Agile Project Management','PMG202c'),(584,'https:--www.coursera.org-learn-applying-project-management','','Coursera',NULL,'','',1,0,1,'MOOC 6: Capstone: Applying Project Management in the Real World','PMG202c'),(585,'https:--www.coursera.org-professional-certificates-google-project-management','','Coursera',NULL,'','',1,0,1,'SPEC: Google Project Management: Professional Certificate','PMG202c'),(586,'The Project Management Body of Knowledge (PMBOK Guide)','','',NULL,'5th','',0,0,0,'PMI','PMG202c'),(587,'ITPM: Information Technology Project Management','Kathy Schwalbe','Cengage Learning',NULL,'8th','',0,0,0,'','PMG202c'),(588,'The Scrum Guide (https:--scrum.org)','','',NULL,'','',0,0,1,'','PMG202c'),(589,'https:--learner.coursera.help-hc-en-us-articles-208280036-Coursera-Code-of-Conduct','','Coursera',NULL,'','',0,0,1,'','WDU203c'),(590,'https:--www.coursera.org-learn-introtoux-principles-and-processes','','',NULL,'','',1,0,1,'MOOC 1: Introduction to User Experience Principles and Processes','WDU203c'),(591,'https:--www.coursera.org-learn-understanding-user-needs','','',NULL,'','',1,0,1,'MOOC 2: Understanding User Needs','WDU203c'),(592,'https:--www.coursera.org-learn-evaluating-designs-with-users','','',NULL,'','',1,0,1,'MOOC 3: Evaluating Designs with Users','WDU203c'),(593,'https:--www.coursera.org-learn-ux-design-concept-wireframe','','',NULL,'','',1,0,1,'MOOC 4: UX Design: From Concept to Prototype','WDU203c'),(594,'https:--www.coursera.org-learn-ux-research-at-scale','','',NULL,'','',1,0,1,'MOOC 5: UX Research at Scale: Surveys, Analytics, Online Testing','WDU203c'),(595,'https:--www.coursera.org-learn-user-experience-capstone','','',NULL,'','',1,0,1,'MOOC 6: UX (User Experience) Capstone','WDU203c'),(596,'https:--www.coursera.org-specializations-michiganux','','',NULL,'','',1,0,1,'SPEC: User Experience Research and Design','WDU203c'),(597,'Giáo trình Tư tưởng Hồ Chí Minh, dùng cho sinh viên bậc đại học hệ không chuyên ngành lý luận chính trị<br>Ho Chi Minh ideology textbook for non-politics majored students','Bộ Giáo dục và Đào tạoMinistry of Education and Training','Nhà xuất bản Chính trị quốc gia sự thậtTruth National Political Publishing House',NULL,'1','',1,0,1,'Giáo trình có thể download bản mềm tại:(Textbook can be downloaded at)https:--moet.gov.vn-van-ban-vbdh-Pages-chi-tiet-van-ban.aspx?ItemID=2729#divShowDialogDownload. Thư viện chỉ đặt mua bản cứng số lượng ít.','HCM202'),(598,'Giáo trình Tư tưởng Hồ Chí Minh, dùng cho sinh viên bậc đại học hệ chuyên ngành lý luận chính trị<br>Ho Chi Minh ideology textbook for politics majored students','Bộ Giáo dục và Đào tạoMinistry of Education and Training','Nhà xuất bản Chính trị quốc gia sự thậtTruth National Political Publishing House',NULL,'1','',0,1,0,'','HCM202'),(599,'Hồ Chí Minh toàn tập<br>The Selected Works of Ho Chi Minh<br> Ho Chi Minh','Hồ Chí Minh','Nhà xuất bản Chính trị quốc gia',NULL,'1','',0,0,1,'','HCM202'),(600,'Hồ Chí Minh a life','William J. Duiker','Nhà xuất bản Hyperion, New York Hyperion Publishing, New York',NULL,'1','',0,0,1,'','HCM202'),(601,'Giáo trình Chủ nghĩa xã hội khoa học, dùng cho sinh viên đại học hệ không chuyên lý luận chính trị<br>Scientific socialism textbook for non-politics majored students','Bộ Giáo dục và Đào tạoMinistry of Education and Training','Nhà xuất bản Chính trị quốc gia sự thậtTruth National Political Publishing House',NULL,'1','',1,0,1,'','MLN131'),(602,'Giáo trình Chủ nghĩa xã hội khoa học, dùng cho sinh viên đại học hệ chuyên lý luận chính trị<br>Scientific socialism textbook for politics majored students','Bộ Giáo dục và Đào tạoMinistry of Education and Training','Nhà xuất bản Chính trị quốc gia sự thậtTruth National Political Publishing House',NULL,'1','',0,1,0,'','MLN131'),(603,'Giáo trình Chủ nghĩa xã hội khoa học<br>Scientific socialism textbook','Bộ Giáo dục và Đào tạoMinistry of Education and Training','Vietnam Education Publishing House',NULL,'','',0,1,0,'','MLN131'),(604,'C. Mác và Ph. Ăngghen: Toàn tập<br>Marx-Engels Collected Works','C. Mác và Ph. Ăngghen','Nhà xuất bản Chính trị quốc giaNational Political Publishing House',NULL,'1','',0,1,0,'','MLN131'),(605,'V.I. Lênnin: Toàn tập<br>Selected works [of] V. I. Lenin','V.I. Lênnin','Nhà xuất bản Chính trị quốc giaNational Political Publishing House',NULL,'1','',0,1,0,'','MLN131'),(606,'The Student’s Guide of Capstone Project (CPro_StudentGuide_IS_2021Fall)','','',NULL,'','',1,0,0,'Bản mềm, tài liệu xây dựng bởi FU','SEP490'),(607,'Graduated Regulation (Quy che tot nghiep)','','',NULL,'','',1,0,0,'Bản mềm, tài liệu xây dựng bởi FU','SEP490'),(608,'Project Templates (on CMS)','','',NULL,'','',1,0,0,'Bản mềm, tài liệu xây dựng bởi FU','SEP490'),(609,'Giáo trình Lịch sử Đảng Cộng sản Việt Nam (Dành cho sinh viên đại học, cao đẳng khối không chuyên ngành Mác – Lênin, tư tưởng Hồ Chí Minh)<br>History of CPV textbook for students whose major is not Marxism-Leninism and Ho Chi Minh ideology','Bộ Giáo dục và Đào tạoMinistry of Education and Training','Nhà xuất bản Chính trị quốc gia sự thậtTruth National Political Publishing House',NULL,'1','',1,0,1,'Giáo trình có thể download bản mềm tại:(Textbook can be downloaded at)https:--moet.gov.vn-van-ban-vbdh-Pages-chi-tiet-van-ban.aspx?ItemID=2729#divShowDialogDownload. Thư viện chỉ đặt mua bản cứng số lượng ít.','VNR202'),(610,'Giáo trình Lịch sử Đảng Cộng sản Việt Nam (Dành cho sinh viên đại học, cao đẳng chuyên ngành Mác – Lênin, tư tưởng Hồ Chí Minh)<br>History of CPV textbook for students whose major is Marxism-Leninism and Ho Chi Minh ideology','Bộ Giáo dục và Đào tạoMinistry of Education and Training','Nhà xuất bản Chính trị quốc gia sự thậtTruth National Political Publishing House',NULL,'1','',0,1,0,'','VNR202'),(611,'Hồ Chí Minh toàn tập, tập 1 đến tập 15<br>The Selected Works of Ho Chi Minh, Vol. 1 to 5','Hồ Chí Minh','Nhà xuất bản Chính trị quốc gia National Political Publishing House',NULL,'1','',0,0,1,'','VNR202'),(612,'Lịch sử Đảng Cộng sản Việt Nam, tập 1<br>History of the Communist Party of Vietnam, Vol. 1','Institute of History','Nhà xuất bản Chính trị quốc gia National Political Publishing House',NULL,'1','',0,0,1,'','VNR202'),(613,'Chiến tranh cách mạng Việt Nam 1945-1975, thắng lợi và bài học<br>Vietnamese Revolutionary War, 1945–1975: Victory and Lessons','Ban chỉ đạo tổng kết chiến tranh trực thuộc Bộ chính trị','Nhà xuất bản Chính trị quốc gia National Political Publishing House',NULL,'1','',0,0,1,'','VNR202'),(614,'Báo cáo tổng kết một số vấn đề lý luận thực tiễn qua 30 năm đổi mới<br>The final report on the summary of some theoretical-practical issues over the past 30 years of innovation','Đảng Cộng sản Việt Nam, Ban chấp hành Trung ương, Ban chỉ đạo tổng kết','Nhà xuất bản Chính trị quốc gia National Political Publishing House',NULL,'1','',0,0,1,'','VNR202'),(615,'Văn kiện Đại hội đại biểu toàn quốc lần thứ XII<br>Political report of the 13th Party Congress','Đảng Cộng sản Việt Nam','Nhà xuất bản Chính trị quốc gia National Political Publishing House',NULL,'1','',0,0,1,'','VNR202');
/*!40000 ALTER TABLE `material` ENABLE KEYS */;
UNLOCK TABLES;

--
-- Table structure for table `plo`
--

DROP TABLE IF EXISTS `plo`;
/*!40101 SET @saved_cs_client     = @@character_set_client */;
/*!50503 SET character_set_client = utf8mb4 */;
CREATE TABLE `plo` (
  `ploId` int NOT NULL AUTO_INCREMENT,
  `ploName` varchar(50) DEFAULT NULL,
  `ploDecription` longtext,
  `curriculumId` int DEFAULT NULL,
  PRIMARY KEY (`ploId`),
  KEY `fk_PLO_Curriculum` (`curriculumId`),
  CONSTRAINT `fk_PLO_Curriculum` FOREIGN KEY (`curriculumId`) REFERENCES `curriculum` (`curriculumId`)
) ENGINE=InnoDB AUTO_INCREMENT=12913 DEFAULT CHARSET=utf8mb4 COLLATE=utf8mb4_0900_ai_ci;
/*!40101 SET character_set_client = @saved_cs_client */;

--
-- Dumping data for table `plo`
--

LOCK TABLES `plo` WRITE;
/*!40000 ALTER TABLE `plo` DISABLE KEYS */;
INSERT INTO `plo` VALUES (12895,'PLO1','Demonstrate basic knowledge of social sciences, politics and law, national security and defense, contributing to the formation of worldview and scientific methodology',26),(12896,'PLO2','Demonstrate an entrepreneurial, creative, critical, and problem-solving mindset.',26),(12897,'PLO3','Communicating and working in groups effectively in academic and practical environments.',26),(12898,'PLO4','Use English proficiently in communication and learning (equivalent to level 4 according to the 6-level Foreign Language Proficiency Framework for Vietnam, IELTS 6.0 or TOEFL (paper) 575-600 or TOEFL (iBT) 90 -100); and be able to communicate simply in Japanese.',26),(12899,'PLO5','Demonstrate professional behaviors, morality, social responsibilities and a sense of dedication to community.',26),(12900,'PLO6','Be mentally and physically strong, be capable of expressing national identity and integrating confidently into the world.',26),(12901,'PLO7','Develop self-study and lifelong learning spirit and capabilities to adapt to the constant change of technology and society.',26),(12902,'PLO8','Be able to explain and apply essential mathematical knowledge related to information technology: Calculus, discrete math, linear algebra.',26),(12903,'PLO9','Be able to explain at a basic level the concepts related to computer architecture, operating systems, computer networks, databases…',26),(12904,'PLO10','Be able to apply knowledge of programming, software development (including data structures and algorithms, programming techniques, object-oriented programming…) to develop applications',26),(12905,'PLO11','Be able to explain different viewpoints on professional ethics, the role of careers in the IT field and related skills to choose the right major in the later stage.',26),(12906,'PLO12','Be able to apply knowledge of business, society, knowledge of management (especially project management) in professional work.',26),(12907,'PLO13','Be able to explain the roles and responsibilities of a software engineering specialist.',26),(12908,'PLO14','Be able to explain the software development and production process; apply relevant theories, models, and techniques to various issues such as problem identification and analysis, design, development, testing, and implementation of software.',26),(12909,'PLO15','Be able to build software systems: web applications, mobile applications, open source applications that meet requirements.',26),(12910,'PLO16','	Be able to evaluate techniques and technologies related to software engineering, highlighting strengths and weaknesses of techniques and technologies.',26),(12911,'PLO17','Be able to update and utilize advanced tools and techniques in the field of software engineering in particular and IT in general.',26),(12912,'PLO18','Have in-depth knowledge and skills in the persuited major or extensive knowledge and skills in the major close to the persuited major.',26);
/*!40000 ALTER TABLE `plo` ENABLE KEYS */;
UNLOCK TABLES;

--
-- Table structure for table `plo_subject`
--

DROP TABLE IF EXISTS `plo_subject`;
/*!40101 SET @saved_cs_client     = @@character_set_client */;
/*!50503 SET character_set_client = utf8mb4 */;
CREATE TABLE `plo_subject` (
  `subjectcode` varchar(50) NOT NULL,
  `ploid` int NOT NULL,
  PRIMARY KEY (`subjectcode`,`ploid`),
  KEY `ploid` (`ploid`),
  CONSTRAINT `plo_subject_ibfk_1` FOREIGN KEY (`subjectcode`) REFERENCES `subject` (`subjectCode`),
  CONSTRAINT `plo_subject_ibfk_2` FOREIGN KEY (`ploid`) REFERENCES `plo` (`ploId`)
) ENGINE=InnoDB DEFAULT CHARSET=utf8mb4 COLLATE=utf8mb4_0900_ai_ci;
/*!40101 SET character_set_client = @saved_cs_client */;

--
-- Dumping data for table `plo_subject`
--

LOCK TABLES `plo_subject` WRITE;
/*!40000 ALTER TABLE `plo_subject` DISABLE KEYS */;
/*!40000 ALTER TABLE `plo_subject` ENABLE KEYS */;
UNLOCK TABLES;

--
-- Table structure for table `po`
--

DROP TABLE IF EXISTS `po`;
/*!40101 SET @saved_cs_client     = @@character_set_client */;
/*!50503 SET character_set_client = utf8mb4 */;
CREATE TABLE `po` (
  `poId` int NOT NULL,
  `poName` varchar(50) DEFAULT NULL,
  `poDecription` longtext,
  `curriculumId` int DEFAULT NULL,
  PRIMARY KEY (`poId`),
  KEY `fk_PO_Curriculum` (`curriculumId`),
  CONSTRAINT `fk_PO_Curriculum` FOREIGN KEY (`curriculumId`) REFERENCES `curriculum` (`curriculumId`)
) ENGINE=InnoDB DEFAULT CHARSET=utf8mb4 COLLATE=utf8mb4_0900_ai_ci;
/*!40101 SET character_set_client = @saved_cs_client */;

--
-- Dumping data for table `po`
--

LOCK TABLES `po` WRITE;
/*!40000 ALTER TABLE `po` DISABLE KEYS */;
/*!40000 ALTER TABLE `po` ENABLE KEYS */;
UNLOCK TABLES;

--
-- Table structure for table `question`
--

DROP TABLE IF EXISTS `question`;
/*!40101 SET @saved_cs_client     = @@character_set_client */;
/*!50503 SET character_set_client = utf8mb4 */;
CREATE TABLE `question` (
  `questionId` int NOT NULL AUTO_INCREMENT,
  `name` varchar(255) DEFAULT NULL,
  `detail` longtext,
  `sessionId` int DEFAULT NULL,
  `syllabusId` int DEFAULT NULL,
  PRIMARY KEY (`questionId`),
  KEY `fk_Question_Session` (`sessionId`),
  CONSTRAINT `fk_Question_Session` FOREIGN KEY (`sessionId`) REFERENCES `session` (`sessionId`)
) ENGINE=InnoDB AUTO_INCREMENT=6 DEFAULT CHARSET=utf8mb4 COLLATE=utf8mb4_0900_ai_ci;
/*!40101 SET character_set_client = @saved_cs_client */;

--
-- Dumping data for table `question`
--

LOCK TABLES `question` WRITE;
/*!40000 ALTER TABLE `question` DISABLE KEYS */;
INSERT INTO `question` VALUES (1,'CQ1.1','Who will interact with your system? List actors with detailed functions of each actor',1,1),(2,'CQ1.2','What are differences between your intended output product and other similar products in the market?',2,1),(3,'CQ1.3','How to assign & tracking tasks among your team?',3,1),(4,'CQ2.1','How do you collect, clarify, and define the requirements for the function/screens that you are in charged?',4,1),(5,'CQ2.1','What screens/functions would you have in the project output product? What are the purpose of each function/screen and the relationships with others?',5,1);
/*!40000 ALTER TABLE `question` ENABLE KEYS */;
UNLOCK TABLES;

--
-- Table structure for table `role`
--

DROP TABLE IF EXISTS `role`;
/*!40101 SET @saved_cs_client     = @@character_set_client */;
/*!50503 SET character_set_client = utf8mb4 */;
CREATE TABLE `role` (
  `roleId` int NOT NULL,
  `roleName` varchar(150) DEFAULT NULL,
  PRIMARY KEY (`roleId`)
) ENGINE=InnoDB DEFAULT CHARSET=utf8mb4 COLLATE=utf8mb4_0900_ai_ci;
/*!40101 SET character_set_client = @saved_cs_client */;

--
-- Dumping data for table `role`
--

LOCK TABLES `role` WRITE;
/*!40000 ALTER TABLE `role` DISABLE KEYS */;
INSERT INTO `role` VALUES (0,'guest'),(1,'crdd'),(2,'teacher'),(3,'student'),(4,'staff'),(5,'designer');
/*!40000 ALTER TABLE `role` ENABLE KEYS */;
UNLOCK TABLES;

--
-- Table structure for table `role_feature`
--

DROP TABLE IF EXISTS `role_feature`;
/*!40101 SET @saved_cs_client     = @@character_set_client */;
/*!50503 SET character_set_client = utf8mb4 */;
CREATE TABLE `role_feature` (
  `roleid` int NOT NULL,
  `featureid` int NOT NULL,
  PRIMARY KEY (`roleid`,`featureid`)
) ENGINE=InnoDB DEFAULT CHARSET=utf8mb4 COLLATE=utf8mb4_0900_ai_ci;
/*!40101 SET character_set_client = @saved_cs_client */;

--
-- Dumping data for table `role_feature`
--

LOCK TABLES `role_feature` WRITE;
/*!40000 ALTER TABLE `role_feature` DISABLE KEYS */;
/*!40000 ALTER TABLE `role_feature` ENABLE KEYS */;
UNLOCK TABLES;

--
-- Table structure for table `session`
--

DROP TABLE IF EXISTS `session`;
/*!40101 SET @saved_cs_client     = @@character_set_client */;
/*!50503 SET character_set_client = utf8mb4 */;
CREATE TABLE `session` (
  `sessionId` int NOT NULL AUTO_INCREMENT,
  `sessionNo` varchar(50) DEFAULT NULL,
  `topic` varchar(255) DEFAULT NULL,
  `learningTeachingType` varchar(50) DEFAULT NULL,
  `clo` varchar(150) NOT NULL,
  `itu` varchar(50) DEFAULT NULL,
  `studentMaterials` varchar(255) CHARACTER SET utf8mb3 COLLATE utf8_general_ci DEFAULT NULL,
  `sDownload` varchar(255) CHARACTER SET utf8mb3 COLLATE utf8_general_ci DEFAULT NULL,
  `studentTasks` varchar(255) CHARACTER SET utf8mb3 COLLATE utf8_general_ci DEFAULT NULL,
  `urls` varchar(255) DEFAULT NULL,
  `syllabusId` int DEFAULT NULL,
  PRIMARY KEY (`sessionId`)
) ENGINE=InnoDB AUTO_INCREMENT=6 DEFAULT CHARSET=utf8mb4 COLLATE=utf8mb4_0900_ai_ci;
/*!40101 SET character_set_client = @saved_cs_client */;

--
-- Dumping data for table `session`
--

LOCK TABLES `session` WRITE;
/*!40000 ALTER TABLE `session` DISABLE KEYS */;
INSERT INTO `session` VALUES (1,'1','INITIATION PHASE- Subject introduction','Offline','LO1,2,3','I','This Syllabus,Student Materials','SWP391','Study materials, Q&A',NULL,1),(2,'2','- Subject introduction','Offline','LO1,2,3','I','This Syllabus,Student Materials','SWP391','Study materials, Q&A',NULL,1),(3,'3','Project environment preparation','Offline','LO1,2,4','T,U','This Syllabus,Student Materials','','Setup/Configure working environemnt',NULL,1),(4,'4','Project environment preparation','Offline','LO1,2,4','T,U','This Syllabus,Student Materials','','Setup/Configure working environemnt',NULL,1),(5,'5','- Requirement Introduction & Iteration 1 Planning','Offline','LO1,2,4','I,U','Project Tracking','','Study requirement, Q&A, plan',NULL,1);
/*!40000 ALTER TABLE `session` ENABLE KEYS */;
UNLOCK TABLES;

--
-- Table structure for table `subject`
--

DROP TABLE IF EXISTS `subject`;
/*!40101 SET @saved_cs_client     = @@character_set_client */;
/*!50503 SET character_set_client = utf8mb4 */;
CREATE TABLE `subject` (
  `subjectCode` varchar(50) NOT NULL,
  `subjectNameVn` varchar(255) CHARACTER SET utf8mb3 COLLATE utf8_general_ci DEFAULT NULL,
  `subjectNameEn` varchar(255) DEFAULT NULL,
  `semester` varchar(25) DEFAULT NULL,
  `noCredit` int DEFAULT NULL,
  `preRequisite` varchar(45) DEFAULT NULL,
  PRIMARY KEY (`subjectCode`)
) ENGINE=InnoDB DEFAULT CHARSET=utf8mb4 COLLATE=utf8mb4_0900_ai_ci;
/*!40101 SET character_set_client = @saved_cs_client */;

--
-- Dumping data for table `subject`
--

LOCK TABLES `subject` WRITE;
/*!40000 ALTER TABLE `subject` DISABLE KEYS */;
INSERT INTO `subject` VALUES ('ADS301m','Google ads and SEO_Google ads và SEO	','Google ads and SEO_Google ads và SEO	','3',3,NULL),('BIA201','Play Billiard121',NULL,'3',8,NULL),('BIA202','BIA2222',NULL,'2',6,NULL),('Boi309','Bơi Lội',NULL,'1',1,NULL),('BRA301','Brand Management_Quản trị thương hiệu	','Brand Management_Quản trị thương hiệu	','3',3,NULL),('CEA201','Tổ chức và Kiến trúc máy tính','Computer Organization and Architecture','3',4,NULL),('CMC201c	','Creative Writing_Sản xuất nội dung sáng tạo	','Creative Writing_Sản xuất nội dung sáng tạo	','2',3,NULL),('CSD201','Cấu trúc dữ liệu và giải thuật','Data Structures and Algorithms','3',3,NULL),('CSI104','Nhập môn khoa học máy tính','Introduction to Computer','1',3,NULL),('ĐBA102','Traditional musical instrument_Nhạc cụ truyền thống-Đàn Bầu	','Traditional musical instrument_Nhạc cụ truyền thống-Đàn Bầu	','1',3,NULL),('DBI202','Các hệ cơ sở dữ liệu','Introduction to Databases','3',3,NULL),('DBM301','Data mining_Khai phá dữ liệu	','Data mining_Khai phá dữ liệu	','4',3,NULL),('DBP391','Data Mining Project_Dự án khai phá dữ liệu	','Data Mining Project_Dự án khai phá dữ liệu	','4',3,NULL),('ĐNG102','Traditional musical instrument_Nhạc cụ truyền thống-Đàn Nguyệt	','Traditional musical instrument_Nhạc cụ truyền thống-Đàn Nguyệt	','1',3,NULL),('ĐNH102','Traditional musical instrument_Nhạc cụ truyền thống-Đàn Nhị	1','Traditional musical instrument_Nhạc cụ truyền thống-Đàn Nhị	','1',4,NULL),('ĐSA102','Traditional musical instrument_Nhạc cụ truyền thống-Sáo trúc	','Traditional musical instrument_Nhạc cụ truyền thống-Sáo trúc	','1',3,NULL),('ĐTB102','Traditional musical instrument_Nhạc cụ truyền thống-Đàn Tỳ bà	','Traditional musical instrument_Nhạc cụ truyền thống-Đàn Tỳ bà	','1',3,NULL),('DTG111','Visual Design Tools 1_Công cụ thiết kế trực quan 1	','Visual Design Tools 1_Công cụ thiết kế trực quan 1	','3',3,NULL),('ĐTR102','Traditional musical instrument_Nhạc cụ truyền thống-Đàn Tranh	','Traditional musical instrument_Nhạc cụ truyền thống-Đàn Tranh	','1',3,NULL),('ECO201','International Economics_Kinh tế quốc tế	','International Economics_Kinh tế quốc tế	','4',3,NULL),('ELP321c','English Language Teaching part 2_Giảng dạy ngôn ngữ Anh phần 2	','English Language Teaching part 2_Giảng dạy ngôn ngữ Anh phần 2	','2',3,NULL),('ELP491','Graduation Project – English Studies_Đồ án tốt nghiệp	','Graduation Project – English Studies_Đồ án tốt nghiệp	','8',7,NULL),('ELT492','Graduation Thesis - English Studies_Khóa luận tốt nghiệp	','Graduation Thesis - English Studies_Khóa luận tốt nghiệp	','5',3,NULL),('ENW492c','Kỹ năng viết học thuật','Academic Writing Skills','6',3,NULL),('ETT301','Understanding Language Testing_Phương pháp đánh giá năng lực ngôn ngữ	','Understanding Language Testing_Phương pháp đánh giá năng lực ngôn ngữ	','4',3,NULL),('EXE_ELE','Nhóm học phần Khởi nghiệp 1','Entrepreneurship Group 1','7',3,NULL),('EXE101','Experiential Entrepreneurship 1_Trải nghiệm khởi nghiệp 1	','Experiential Entrepreneurship 1_Trải nghiệm khởi nghiệp 1	','4',3,NULL),('FIN304','Behavioral Finance_Tài chính hành vi	','Behavioral Finance_Tài chính hành vi	','5',3,NULL),('FIN305','Technical analysis_Phân tích kỹ thuật	','Technical analysis_Phân tích kỹ thuật	','5',3,NULL),('FIN307','Financial Taxation_Thuế doanh nghiệp	','Financial Taxation_Thuế doanh nghiệp	','4',3,NULL),('FreeFire1','FreeFire',NULL,'2',7,NULL),('GEM201','Managing Guest Experience_Quản trị trải nghiệm khách hàng	','Managing Guest Experience_Quản trị trải nghiệm khách hàng	','4',3,NULL),('HCM202','Tư tưởng Hồ Chí Minh','HCM Ideology','9',2,NULL),('HOM301c	','Hotel Revenue Management_Quản trị doanh thu khách sạn	','Hotel Revenue Management_Quản trị doanh thu khách sạn	','2',3,NULL),('IAA201','Information Assurrance',NULL,'5',8,NULL),('IAA201c','Infomation Assurance',NULL,'5',9,NULL),('IAM319','Information Amount Materials ',NULL,'4',9,NULL),('ICT301','Kỹ năng sư phạm	','Kỹ năng sư phạm	','2',3,NULL),('IEI301','Import Export_Xuất nhập khẩu	','Import Export_Xuất nhập khẩu	','3',3,NULL),('IIP301','International Payment_Thanh toán quốc tế	','International Payment_Thanh toán quốc tế	','4',3,NULL),('IOT102','Internet vạn vật','Internet of Things','4',3,NULL),('ITE302c','Đạo đức trong CNTT','Ethics in IT','5',3,NULL),('JPD113','Tiếng Nhật sơ cấp 1-A1.1','Elementary Japanese 1- A1.1','3',3,NULL),('JPD123','Tiếng Nhật sơ cấp 1-A1.2','Elementary Japanese 1-A1.2','4',3,NULL),('KGT401','Tour guide training (Korean)_Thực hành hướng dẫn tại điểm tham quan (Tiếng Hàn)	','Tour guide training (Korean)_Thực hành hướng dẫn tại điểm tham quan (Tiếng Hàn)	','5',3,NULL),('KLB401','Business Korean_Dịch nâng cao tiếng Hàn kinh tế thương mại	','Business Korean_Dịch nâng cao tiếng Hàn kinh tế thương mại	','4',3,NULL),('KLC301','Chinese characters in Korean_Hán tự tiếng Hàn	','Chinese characters in Korean_Hán tự tiếng Hàn	','2',3,NULL),('KRE301','Korean Economy_Kinh tế Hàn Quốc	','Korean Economy_Kinh tế Hàn Quốc	','2',3,NULL),('KRH401','Korean for Restaurant and Hotels_ Tiếng Hàn trong nhà hàng khách sạn	','Korean for Restaurant and Hotels_ Tiếng Hàn trong nhà hàng khách sạn	','7',3,NULL),('KTG401','Tourism geography of Korea_Địa lý du lịch Hàn Quốc	','Tourism geography of Korea_Địa lý du lịch Hàn Quốc	','5',3,NULL),('LAB211','Thực hành OOP với Java','OOP with Java Lab','3',3,NULL),('MAD101','Toán rời rạc','Discrete mathematics','2',3,NULL),('MAE101','Toán cho ngành kỹ thuật','Mathematics for Engineering','1',3,NULL),('MAS291','Xác suất thống kê','Statistics & Probability','4',3,NULL),('MGT103','Introduction to Management_Nhập môn quản lý	','Introduction to Management_Nhập môn quản lý	','4',3,NULL),('MKT205c','International Marketing_Maketing quốc tế	','International Marketing_Maketing quốc tế	','2',3,NULL),('MKT205c	','International Marketing_Maketing quốc tế	','International Marketing_Maketing quốc tế	','4',3,NULL),('MKT208c','Social media marketing_Marketing mạng xã hội	','Social media marketing_Marketing mạng xã hội	','2',3,NULL),('MKT328m','Digital Marketing 2_Marketing số 2	','Digital Marketing 2_Marketing số 2	','4',3,NULL),('MLN111','Triết học Mác - Lê-nin','Philosophy of Marxism – Leninism','8',3,NULL),('MLN122','Kinh tế chính trị Mác - Lê-nin','Political economics of Marxism – Leninism','8',2,NULL),('MLN131','Chủ nghĩa xã hội khoa học','Scientific socialism','9',2,NULL),('NhayCau1','Nhảy Cầu',NULL,'3',8,NULL),('NWC203c','Mạng máy tính','Computer Networking','2',3,NULL),('OJT202','Đào tạo trong môi trường thực tế','On-The-Job Training','6',10,NULL),('OSG202','Hệ điều hành','Operating Systems','2',3,NULL),('OTP101','Định hướng và Rèn luyện tập trung','Orientation and General Training Program','0',0,NULL),('PEN','Tiếng Anh chuẩn bị','Preparation English','0',0,NULL),('PHE_COM*1','Giáo dục thể chất 1','Physical Education 1','0',2,NULL),('PHE_COM*2','Giáo dục thể chất 2','Physical Education 2','1',2,NULL),('PHE_COM*3','Giáo dục thể chất 3','Physical Education 3','2',2,NULL),('PMG202c','Quản trị dự án','Project management','8',3,NULL),('PRF111','Program Foundation',NULL,'3',1,NULL),('PRF192','Cơ sở lập trình','Programming Fundamentals','1',3,NULL),('PRJ301','Phát triển ứng dụng Java web','Java Web Application Development','4',3,NULL),('PRJ391c','Java Web Coursera',NULL,'4',8,NULL),('PRM392','Lập trình di động','Mobile Programming','7',3,NULL),('PRN309','Programing Coding',NULL,'1',9,NULL),('PRO192','Lập trình hướng đối tượng','Object-Oriented Programming','2',3,NULL),('PUBG222','PUBG Mobile',NULL,'4',9,NULL),('PUBG291','PUBG Mobile Ver2',NULL,'5',8,NULL),('Python201','Python Programing',NULL,'3',7,NULL),('SE_COM*1','Học phần 1 của combo*','Subject 1 of Combo*','5',3,NULL),('SE_COM*2','Học phần 2 của combo*','Subject 2 of Combo*','7',3,NULL),('SE_COM*3','Học phần 3 của combo*','Subject 3 of Combo*','7',3,NULL),('SE_EXE_ELE','Nhóm môn Khởi nghiệp 2 và Combos','SE_Entrepreneurship 2 and Combos','8',6,NULL),('SEP490','Đồ án tốt nghiệp KTPM','SE Capstone Project','9',10,NULL),('SSG104','Kỹ năng giao tiếp và cộng tác','Communication and In-Group Working Skills','2',3,NULL),('SSL101c','Kỹ năng học tập đại học','Academic Skills for University Success','1',3,NULL),('Subject1','Subject1',NULL,'6',9,NULL),('Subject10','Subject',NULL,'2',4,NULL),('Subject2','Subject',NULL,'5',5,NULL),('Subject3','Subject',NULL,'4',8,NULL),('Subject5','Subject5',NULL,'5',6,NULL),('Subject7','Subject',NULL,'7',3,NULL),('Subject8','Subject',NULL,'3',8,NULL),('SWD392','Kiến trúc và thiết kế phần mềm','Software Architecture and Design','7',3,NULL),('SWE201c','Nhập môn kĩ thuật phần mềm','Introduction to Software Engineering','4',3,NULL),('SWP391','Dự án phát triển phần mềm','Application development project','5',3,NULL),('SWR302','Yêu cầu phần mềm','Software Requirement','5',3,NULL),('SWT301','Kiểm thử phần mềm','Software Testing','5',3,NULL),('SYB302c	','Entrepreneurship_Khởi sự doanh nghiệp	','Entrepreneurship_Khởi sự doanh nghiệp	','5',3,NULL),('TMI_ELE','Nhạc cụ truyền thống','Traditional musical instrument','0',3,NULL),('TRG102','Traditional musical instrument_Nhạc cụ truyền thống-Trống dân tộc	','Traditional musical instrument_Nhạc cụ truyền thống-Trống dân tộc	','1',3,NULL),('VDP201	','Video Production_Sản xuất Video	','Video Production_Sản xuất Video	','5',3,NULL),('VNR202','Lịch sử Đảng Cộng sản Việt Nam','History of CPV','9',2,NULL),('VOV114','Vovinam 1','Vovinam 1','0',3,NULL),('VOV124','Vovinam 3','Vovinam 3','2',3,NULL),('VOV134','Vovinam 2','Vovinam 2','1',3,NULL),('WDU203c','Thiết kế trải nghiệm người dùng','UI/UX Design','8',3,NULL),('WED201c','Thiết kế web','Web Design','3',3,NULL);
/*!40000 ALTER TABLE `subject` ENABLE KEYS */;
UNLOCK TABLES;

--
-- Table structure for table `syllabus`
--

DROP TABLE IF EXISTS `syllabus`;
/*!40101 SET @saved_cs_client     = @@character_set_client */;
/*!50503 SET character_set_client = utf8mb4 */;
CREATE TABLE `syllabus` (
  `syllabusId` int NOT NULL AUTO_INCREMENT,
  `syllabusNameVn` varchar(255) CHARACTER SET utf8mb3 COLLATE utf8_general_ci DEFAULT NULL,
  `syllabusNameEn` varchar(255) DEFAULT NULL,
  `subjectCode` varchar(50) NOT NULL,
  `noCredit` int DEFAULT NULL,
  `degreeLevel` varchar(50) CHARACTER SET utf8mb3 COLLATE utf8_general_ci DEFAULT NULL,
  `timeAllocation` varchar(255) CHARACTER SET utf8mb3 COLLATE utf8_general_ci DEFAULT NULL,
  `preRequisite` longtext,
  `description` longtext,
  `studentTask` longtext,
  `tool` longtext,
  `scoringScale` varchar(2) DEFAULT NULL,
  `decisionNo` varchar(150) DEFAULT NULL,
  `isApproved` tinyint DEFAULT NULL,
  `note` longtext,
  `minAvgMarkToPass` int DEFAULT NULL,
  `isActive` tinyint DEFAULT NULL,
  PRIMARY KEY (`syllabusId`),
  KEY `fk_Syllabus_Decision` (`decisionNo`),
  KEY `fk_Syllabus_Subject` (`subjectCode`),
  CONSTRAINT `fk_Syllabus_Decision` FOREIGN KEY (`decisionNo`) REFERENCES `decision` (`decisionNo`),
  CONSTRAINT `fk_Syllabus_Subject` FOREIGN KEY (`subjectCode`) REFERENCES `subject` (`subjectCode`)
) ENGINE=InnoDB AUTO_INCREMENT=8 DEFAULT CHARSET=utf8mb4 COLLATE=utf8mb4_0900_ai_ci;
/*!40101 SET character_set_client = @saved_cs_client */;

--
-- Dumping data for table `syllabus`
--

LOCK TABLES `syllabus` WRITE;
/*!40000 ALTER TABLE `syllabus` DISABLE KEYS */;
INSERT INTO `syllabus` VALUES (1,'Dự án phát triển phần mềm','Application development project','SWP391',3,'Bachelor','Study hour (150h) = 45h contact hours + 105h self-study','PRJ301 ','This course focuses on designing, developing, and integrating the basic Web-based management system (as assigned/agreed by the teacher) using Java Web (JSP, Servlet, JDBC) or .NET (ASP.NET, ADO.NET) technologies . Students are required to build the system with other 3-5 team members as appointed by the teacher.\nAfter the course, students will be able to achieve Java web programing proficiency with the following skills by practicing with other members in the assigned team\n- Proficiency in common web techniques and basic Java Web skills (JSP, Servlet, JDBC) or .NET Web skills (ASP.NET, ADO.NET)\n- Proficiency in front end skills (HTML, CSS, JS) require for industry\n- Proficiency in SQL skills required for industry\n- Analyze & design the solution following the object oriented models\n- Co-ordinate with the team to complete the works in the form of a project','- Register the programming language to be used (Java or .NET),\n- Build the team & select/define the project topic with arrangement/guide from the teacher\n- Select the team leader and using the FPT account (@fpt.edu.vn account) to setup/configure the project managemernt environment (sources, tasks, issues, milestones) on the GitLab & project documents management on the OneDrive.\n- Get the detailed assignment from the teacher, plan the project tasks, and execute the project accordingly\n- Students must attend at least 80% of contact slots in order to be accepted to the final presentation.\n- Student is responsible to do all exercises given by the teacher in class or at home and submit on time\n- Constantly follow announcements on intranet/LMS at http://lms.fpt.edu.vn for up-to-date course information regarding assignment submission and feedback on assignments and project work.\n- Using the GitLab to collaborate in every phase of the project by all the team members','GitLab (https://gitlab.com/), One Drive\nFor Java project\n• Java JDK version 1.6 or higher, NetBeans 13\n• MySQL Server (v8.0.23 or higher), MySQL Workbench;\nFor .NET project\n• Microsoft Internet Information Services server (come with Microsoft Windows)\n• Microsoft Visual Studio version 2015 or higher (for .NET project)','10','1189/QÐ-ÐHFPT',1,'1) On-going Assessment\n- On-going Assessment 1: 20%\n- On-going Assessment 2: 20%\n- On-going Assessment 3: 20%\n2) Final Project Presentation: 40%\n\nTo be selected to the Final Presentation, each student needs:\n* On-going grade assessment >=5/10\n* No cheating during the project progress',5,1),(2,'Lập trình hướng đối tượng','Object-Oriented Programming','PRO192',NULL,'Bachelor',NULL,'PRF192',NULL,NULL,NULL,NULL,'1189/QÐ-ÐHFPT',NULL,NULL,NULL,NULL),(3,'Các hệ cơ sở dữ liệu','Introduction to Databases','DBI202',NULL,NULL,NULL,'',NULL,NULL,NULL,NULL,'1189/QÐ-ÐHFPT',NULL,NULL,NULL,NULL),(4,'Cơ sở lập trình','Programming Fundamentals','PRF192',NULL,NULL,NULL,'None',NULL,NULL,NULL,NULL,'1189/QÐ-ÐHFPT',NULL,NULL,NULL,NULL),(7,'Phát triển ứng dụng Java web','Java Web Application Development','PRJ301',NULL,NULL,NULL,'DBI202, PRO192',NULL,NULL,NULL,NULL,'1189/QÐ-ÐHFPT',NULL,NULL,NULL,NULL);
/*!40000 ALTER TABLE `syllabus` ENABLE KEYS */;
UNLOCK TABLES;
/*!40103 SET TIME_ZONE=@OLD_TIME_ZONE */;

/*!40101 SET SQL_MODE=@OLD_SQL_MODE */;
/*!40014 SET FOREIGN_KEY_CHECKS=@OLD_FOREIGN_KEY_CHECKS */;
/*!40014 SET UNIQUE_CHECKS=@OLD_UNIQUE_CHECKS */;
/*!40101 SET CHARACTER_SET_CLIENT=@OLD_CHARACTER_SET_CLIENT */;
/*!40101 SET CHARACTER_SET_RESULTS=@OLD_CHARACTER_SET_RESULTS */;
/*!40101 SET COLLATION_CONNECTION=@OLD_COLLATION_CONNECTION */;
/*!40111 SET SQL_NOTES=@OLD_SQL_NOTES */;

-- Dump completed on 2023-03-20 10:48:23
